timestamp_utc,timestamp_local,total_forecast_mwh,forecast_load_mw,hpfc_price_eur_mwh,day_ahead_price_eur_mwh,unhedged_day_ahead_cost_eur,coarse_cal_hedge_energy_mwh,coarse_cal_residual_da_mwh,coarse_cal_fixed_hedge_cost_eur,coarse_cal_da_shaping_cost_eur,coarse_cal_futures_payoff_eur,coarse_cal_effective_total_cost_eur,coarse_cal_financial_total_cost_eur,granular_hedge_energy_mwh,granular_residual_da_mwh,granular_fixed_hedge_cost_eur,granular_da_shaping_cost_eur,granular_futures_payoff_eur,granular_effective_total_cost_eur,granular_financial_total_cost_eur,timestamp,timestamp_local_plot
2024-01-14T23:00:00Z,2024-01-15T00:00:00+01:00,0.87548,3.50192,59.923133,67.9,59.44509200000001,1.0979940165427395,-0.2225140165427395,84.83101771809206,-15.108701723252013,-10.277223994840028,69.72231599484005,69.72231599484005,1.2609136542542183,-0.3854336542542182,94.97201643842772,-26.170945123861426,-9.355979314566284,68.80107131456629,68.80107131456629,2024-01-14 23:00:00+00:00,2024-01-15 00:00:00+01:00
2024-01-14T23:15:00Z,2024-01-15T00:15:00+01:00,0.7950379999999999,3.1801519999999996,59.923133,67.9,53.9830802,1.0979940165427395,-0.3029560165427396,84.83101771809206,-20.57071352325202,-10.277223994840028,64.26030419484003,64.26030419484002,1.2609136542542183,-0.4658756542542184,94.97201643842772,-31.632956923861432,-9.355979314566284,63.33905951456629,63.33905951456628,2024-01-14 23:15:00+00:00,2024-01-15 00:15:00+01:00
2024-01-14T23:30:00Z,2024-01-15T00:30:00+01:00,0.724607,2.898428,59.923133,67.9,49.2008153,1.0979940165427395,-0.3733870165427395,84.83101771809206,-25.352978423252015,-10.277223994840028,59.478039294840045,59.47803929484003,1.2609136542542183,-0.5363066542542183,94.97201643842772,-36.41522182386143,-9.355979314566284,58.556794614566286,58.556794614566286,2024-01-14 23:30:00+00:00,2024-01-15 00:30:00+01:00
2024-01-14T23:45:00Z,2024-01-15T00:45:00+01:00,0.664803,2.659212,59.923133,67.9,45.1401237,1.0979940165427395,-0.4331910165427395,84.83101771809206,-29.413670023252013,-10.277223994840028,55.417347694840046,55.41734769484003,1.2609136542542183,-0.5961106542542183,94.97201643842772,-40.47591342386142,-9.355979314566284,54.496103014566295,54.49610301456629,2024-01-14 23:45:00+00:00,2024-01-15 00:45:00+01:00
2024-01-15T00:00:00Z,2024-01-15T01:00:00+01:00,0.6201230000000001,2.4804920000000004,57.305607,65.0,40.307995000000005,1.0979940165427395,-0.4778710165427394,84.83101771809206,-31.061616075278064,-13.461406642813984,53.76940164281399,53.76940164281399,1.2609136542542183,-0.6407906542542182,94.97201643842772,-41.651392526524184,-13.01262891190352,53.32062391190353,53.320623911903525,2024-01-15 00:00:00+00:00,2024-01-15 01:00:00+01:00
2024-01-15T00:15:00Z,2024-01-15T01:15:00+01:00,0.5884179999999999,2.3536719999999995,57.305607,65.0,38.24716999999999,1.0979940165427395,-0.5095760165427397,84.83101771809206,-33.122441075278076,-13.461406642813984,51.70857664281398,51.70857664281397,1.2609136542542183,-0.6724956542542184,94.97201643842772,-43.7122175265242,-13.01262891190352,51.25979891190352,51.25979891190351,2024-01-15 00:15:00+00:00,2024-01-15 01:15:00+01:00
2024-01-15T00:30:00Z,2024-01-15T01:30:00+01:00,0.567227,2.268908,57.305607,65.0,36.869755000000005,1.0979940165427395,-0.5307670165427395,84.83101771809206,-34.49985607527807,-13.461406642813984,50.33116164281399,50.33116164281399,1.2609136542542183,-0.6936866542542183,94.97201643842772,-45.089632526524184,-13.01262891190352,49.88238391190353,49.88238391190352,2024-01-15 00:30:00+00:00,2024-01-15 01:30:00+01:00
2024-01-15T00:45:00Z,2024-01-15T01:45:00+01:00,0.552999,2.211996,57.305607,65.0,35.944935,1.0979940165427395,-0.5449950165427395,84.83101771809206,-35.42467607527807,-13.461406642813984,49.406341642813985,49.406341642813985,1.2609136542542183,-0.7079146542542183,94.97201643842772,-46.01445252652419,-13.01262891190352,48.95756391190353,48.95756391190352,2024-01-15 00:45:00+00:00,2024-01-15 01:45:00+01:00
2024-01-15T01:00:00Z,2024-01-15T02:00:00+01:00,0.543357,2.173428,58.299427,63.94,34.74224658,1.0979940165427395,-0.5546370165427396,84.83101771809206,-35.46349083774277,-14.625280300349289,49.36752688034929,49.36752688034929,1.2609136542542183,-0.7175566542542183,94.97201643842772,-45.88057247301472,-14.349197385413008,49.091443965413,49.091443965413006,2024-01-15 01:00:00+00:00,2024-01-15 02:00:00+01:00
2024-01-15T01:15:00Z,2024-01-15T02:15:00+01:00,0.536318,2.145272,58.299427,63.94,34.29217292,1.0979940165427395,-0.5616760165427396,84.83101771809206,-35.91356449774277,-14.625280300349289,48.91745322034929,48.91745322034929,1.2609136542542183,-0.7245956542542183,94.97201643842772,-46.33064613301472,-14.349197385413008,48.641370305413,48.641370305413005,2024-01-15 01:15:00+00:00,2024-01-15 02:15:00+01:00
2024-01-15T01:30:00Z,2024-01-15T02:30:00+01:00,0.533054,2.132216,58.299427,63.94,34.08347276,1.0979940165427395,-0.5649400165427395,84.83101771809206,-36.12226465774276,-14.625280300349289,48.708753060349295,48.70875306034929,1.2609136542542183,-0.7278596542542183,94.97201643842772,-46.53934629301472,-14.349197385413008,48.432670145413,48.432670145413006,2024-01-15 01:30:00+00:00,2024-01-15 02:30:00+01:00
2024-01-15T01:45:00Z,2024-01-15T02:45:00+01:00,0.529272,2.117088,58.299427,63.94,33.84165168,1.0979940165427395,-0.5687220165427396,84.83101771809206,-36.36408573774277,-14.625280300349289,48.46693198034929,48.46693198034929,1.2609136542542183,-0.7316416542542183,94.97201643842772,-46.78116737301472,-14.349197385413008,48.190849065413,48.190849065413005,2024-01-15 01:45:00+00:00,2024-01-15 02:45:00+01:00
2024-01-15T02:00:00Z,2024-01-15T03:00:00+01:00,0.526026,2.104104,57.29161,62.04,32.634653039999996,1.0979940165427395,-0.5719680165427395,84.83101771809206,-35.48489574631156,-16.7114689317805,49.3461219717805,49.3461219717805,1.2609136542542183,-0.7348876542542183,94.97201643842772,-45.5924300699317,-16.744933328496018,49.379586368496014,49.379586368496014,2024-01-15 02:00:00+00:00,2024-01-15 03:00:00+01:00
2024-01-15T02:15:00Z,2024-01-15T03:15:00+01:00,0.524765,2.09906,57.29161,62.04,32.5564206,1.0979940165427395,-0.5732290165427395,84.83101771809206,-35.56312818631156,-16.7114689317805,49.2678895317805,49.267889531780504,1.2609136542542183,-0.7361486542542183,94.97201643842772,-45.6706625099317,-16.744933328496018,49.30135392849601,49.30135392849602,2024-01-15 02:15:00+00:00,2024-01-15 03:15:00+01:00
2024-01-15T02:30:00Z,2024-01-15T03:30:00+01:00,0.523465,2.09386,57.29161,62.04,32.475768599999995,1.0979940165427395,-0.5745290165427396,84.83101771809206,-35.64378018631156,-16.7114689317805,49.1872375317805,49.1872375317805,1.2609136542542183,-0.7374486542542183,94.97201643842772,-45.7513145099317,-16.744933328496018,49.22070192849601,49.22070192849601,2024-01-15 02:30:00+00:00,2024-01-15 03:30:00+01:00
2024-01-15T02:45:00Z,2024-01-15T03:45:00+01:00,0.526397,2.105588,57.29161,62.04,32.65766988,1.0979940165427395,-0.5715970165427395,84.83101771809206,-35.46187890631156,-16.7114689317805,49.369138811780495,49.3691388117805,1.2609136542542183,-0.7345166542542183,94.97201643842772,-45.569413229931705,-16.744933328496018,49.40260320849601,49.40260320849602,2024-01-15 02:45:00+00:00,2024-01-15 03:45:00+01:00
2024-01-15T03:00:00Z,2024-01-15T04:00:00+01:00,0.531558,2.126232,57.802518,62.04,32.977858319999996,1.0979940165427395,-0.5664360165427396,84.83101771809206,-35.14169046631156,-16.7114689317805,49.6893272517805,49.6893272517805,1.2609136542542183,-0.7293556542542183,94.97201643842772,-45.2492247899317,-16.744933328496018,49.72279164849601,49.72279164849601,2024-01-15 03:00:00+00:00,2024-01-15 04:00:00+01:00
2024-01-15T03:15:00Z,2024-01-15T04:15:00+01:00,0.5405880000000001,2.1623520000000003,57.802518,62.04,33.538079520000004,1.0979940165427395,-0.5574060165427395,84.83101771809206,-34.58146926631156,-16.7114689317805,50.2495484517805,50.249548451780505,1.2609136542542183,-0.7203256542542182,94.97201643842772,-44.6890035899317,-16.744933328496018,50.283012848496014,50.28301284849602,2024-01-15 03:15:00+00:00,2024-01-15 04:15:00+01:00
2024-01-15T03:30:00Z,2024-01-15T04:30:00+01:00,0.550674,2.202696,57.802518,62.04,34.163814959999996,1.0979940165427395,-0.5473200165427395,84.83101771809206,-33.95573382631156,-16.7114689317805,50.8752838917805,50.8752838917805,1.2609136542542183,-0.7102396542542183,94.97201643842772,-44.0632681499317,-16.744933328496018,50.908748288496014,50.908748288496014,2024-01-15 03:30:00+00:00,2024-01-15 04:30:00+01:00
2024-01-15T03:45:00Z,2024-01-15T04:45:00+01:00,0.562198,2.248792,57.802518,62.04,34.87876392,1.0979940165427395,-0.5357960165427396,84.83101771809206,-33.240784866311564,-16.7114689317805,51.59023285178049,51.5902328517805,1.2609136542542183,-0.6987156542542183,94.97201643842772,-43.34831918993171,-16.744933328496018,51.62369724849601,51.623697248496015,2024-01-15 03:45:00+00:00,2024-01-15 04:45:00+01:00
2024-01-15T04:00:00Z,2024-01-15T05:00:00+01:00,0.575004,2.300016,60.888958,69.25,39.819027,1.0979940165427395,-0.5229900165427396,84.83101771809206,-36.217058645584714,-8.794932072507336,48.61395907250734,48.613959072507335,1.2609136542542183,-0.6859096542542183,94.97201643842772,-47.49924355710462,-7.653745881323104,47.472772881323095,47.4727728813231,2024-01-15 04:00:00+00:00,2024-01-15 05:00:00+01:00
2024-01-15T04:15:00Z,2024-01-15T05:15:00+01:00,0.6016900000000001,2.40676,60.888958,69.25,41.667032500000005,1.0979940165427395,-0.4963040165427395,84.83101771809206,-34.36905314558471,-8.794932072507336,50.46196457250735,50.46196457250734,1.2609136542542183,-0.6592236542542182,94.97201643842772,-45.651238057104614,-7.653745881323104,49.3207783813231,49.32077838132311,2024-01-15 04:15:00+00:00,2024-01-15 05:15:00+01:00
2024-01-15T04:30:00Z,2024-01-15T05:30:00+01:00,0.65525,2.621,60.888958,69.25,45.3760625,1.0979940165427395,-0.4427440165427395,84.83101771809206,-30.660023145584713,-8.794932072507336,54.17099457250734,54.17099457250734,1.2609136542542183,-0.6056636542542183,94.97201643842772,-41.942208057104615,-7.653745881323104,53.0298083813231,53.02980838132311,2024-01-15 04:30:00+00:00,2024-01-15 05:30:00+01:00
2024-01-15T04:45:00Z,2024-01-15T05:45:00+01:00,0.748991,2.995964,60.888958,69.25,51.86762675,1.0979940165427395,-0.3490030165427396,84.83101771809206,-24.168458895584717,-8.794932072507336,60.662558822507336,60.662558822507336,1.2609136542542183,-0.5119226542542183,94.97201643842772,-35.45064380710462,-7.653745881323104,59.521372631323096,59.5213726313231,2024-01-15 04:45:00+00:00,2024-01-15 05:45:00+01:00
2024-01-15T05:00:00Z,2024-01-15T06:00:00+01:00,0.89038,3.56152,70.449224,79.95,71.185881,1.0979940165427395,-0.2076140165427396,84.83101771809206,-16.59874062259203,2.953603904499971,68.23227709550002,68.23227709550002,1.2609136542542183,-0.3705336542542183,94.97201643842772,-29.62416565762476,5.838030219197037,65.34785078080296,65.34785078080296,2024-01-15 05:00:00+00:00,2024-01-15 06:00:00+01:00
2024-01-15T05:15:00Z,2024-01-15T06:15:00+01:00,1.062843,4.251372,70.449224,79.95,84.97429785,1.0979940165427395,-0.0351510165427395,84.83101771809206,-2.8103237725920276,2.953603904499971,82.02069394550003,82.02069394550003,1.2609136542542183,-0.1980706542542183,94.97201643842772,-15.835748807624755,5.838030219197037,79.13626763080296,79.13626763080296,2024-01-15 05:15:00+00:00,2024-01-15 06:15:00+01:00
2024-01-15T05:30:00Z,2024-01-15T06:30:00+01:00,1.2426019999999998,4.970407999999999,70.449224,79.95,99.3460299,1.0979940165427395,0.1446079834572602,84.83101771809206,11.561408277407956,2.953603904499971,96.39242599550002,96.39242599550002,1.2609136542542183,-0.0183116542542185,94.97201643842772,-1.464016757624773,5.838030219197037,93.50799968080294,93.50799968080295,2024-01-15 05:30:00+00:00,2024-01-15 06:30:00+01:00
2024-01-15T05:45:00Z,2024-01-15T06:45:00+01:00,1.406546,5.626184,70.449224,79.95,112.4533527,1.0979940165427395,0.3085519834572605,84.83101771809206,24.66873107740798,2.953603904499971,109.49974879550004,109.49974879550004,1.2609136542542183,0.1456323457457817,94.97201643842772,11.643306042375253,5.838030219197037,106.61532248080296,106.61532248080296,2024-01-15 05:45:00+00:00,2024-01-15 06:45:00+01:00
2024-01-15T06:00:00Z,2024-01-15T07:00:00+01:00,1.536399,6.145596,83.473862,83.84,128.81169216,1.0979940165427395,0.4384049834572605,84.83101771809206,36.75587381305672,7.224800628851227,121.58689153114878,121.58689153114878,1.2609136542542183,0.2754853457457817,94.97201643842772,23.096691387326345,10.742984334245946,118.06870782575406,118.06870782575406,2024-01-15 06:00:00+00:00,2024-01-15 07:00:00+01:00
2024-01-15T06:15:00Z,2024-01-15T07:15:00+01:00,1.634996,6.5399840000000005,83.473862,83.84,137.07806464,1.0979940165427395,0.5370019834572606,84.83101771809206,45.02224629305673,7.224800628851227,129.85326401114878,129.85326401114878,1.2609136542542183,0.3740823457457818,94.97201643842772,31.36306386732635,10.742984334245946,126.33508030575406,126.33508030575406,2024-01-15 06:15:00+00:00,2024-01-15 07:15:00+01:00
2024-01-15T06:30:00Z,2024-01-15T07:30:00+01:00,1.709051,6.8362039999999995,83.473862,83.84,143.28683584,1.0979940165427395,0.6110569834572603,84.83101771809206,51.23101749305671,7.224800628851227,136.06203521114878,136.06203521114878,1.2609136542542183,0.4481373457457815,94.97201643842772,37.571835067326326,10.742984334245946,132.54385150575405,132.54385150575405,2024-01-15 06:30:00+00:00,2024-01-15 07:30:00+01:00
2024-01-15T06:45:00Z,2024-01-15T07:45:00+01:00,1.766053,7.064212,83.473862,83.84,148.06588352,1.0979940165427395,0.6680589834572606,84.83101771809206,56.01006517305673,7.224800628851227,140.8410828911488,140.84108289114877,1.2609136542542183,0.5051393457457818,94.97201643842772,42.350882747326345,10.742984334245946,137.32289918575407,137.32289918575407,2024-01-15 06:45:00+00:00,2024-01-15 07:45:00+01:00
2024-01-15T07:00:00Z,2024-01-15T08:00:00+01:00,1.812521,7.250083999999999,97.532734,99.3,179.98333529999996,1.5691057262325816,0.2434152737674182,125.6292917772324,24.171136685104628,30.182906837662955,149.80042846233704,149.800428462337,1.8436576216687932,-0.0311366216687933,146.6497514687522,-3.091866531711183,36.42545036295894,143.55788493704102,143.55788493704102,2024-01-15 07:00:00+00:00,2024-01-15 08:00:00+01:00
2024-01-15T07:15:00Z,2024-01-15T08:15:00+01:00,1.847271,7.389084,97.532734,99.3,183.4340103,1.5691057262325816,0.2781652737674185,125.6292917772324,27.621811685104657,30.182906837662955,153.25110346233706,153.25110346233706,1.8436576216687932,0.0036133783312068,146.6497514687522,0.3588084682888447,36.42545036295894,147.00855993704107,147.00855993704107,2024-01-15 07:15:00+00:00,2024-01-15 08:15:00+01:00
2024-01-15T07:30:00Z,2024-01-15T08:30:00+01:00,1.865858,7.463431999999999,97.532734,99.3,185.27969939999997,1.5691057262325816,0.2967522737674182,125.6292917772324,29.467500785104622,30.182906837662955,155.096792562337,155.096792562337,1.8436576216687932,0.0222003783312065,146.6497514687522,2.2044975682888137,36.42545036295894,148.85424903704103,148.85424903704103,2024-01-15 07:30:00+00:00,2024-01-15 08:30:00+01:00
2024-01-15T07:45:00Z,2024-01-15T08:45:00+01:00,1.866786,7.467143999999999,97.532734,99.3,185.3718498,1.5691057262325816,0.2976802737674182,125.6292917772324,29.55965118510463,30.182906837662955,155.18894296233702,155.18894296233702,1.8436576216687932,0.0231283783312066,146.6497514687522,2.2966479682888177,36.42545036295894,148.94639943704104,148.94639943704104,2024-01-15 07:45:00+00:00,2024-01-15 08:45:00+01:00
2024-01-15T08:00:00Z,2024-01-15T09:00:00+01:00,1.847367,7.389468,94.677213,100.29,185.27243643,1.5691057262325816,0.2782612737674184,125.6292917772324,27.906823146134393,31.73632150663323,153.5361149233668,153.53611492336677,1.8436576216687932,0.0037093783312067,146.6497514687522,0.3720135528367269,38.25067140841108,147.02176502158895,147.02176502158892,2024-01-15 08:00:00+00:00,2024-01-15 09:00:00+01:00
2024-01-15T08:15:00Z,2024-01-15T09:15:00+01:00,1.815571,7.262283999999999,94.677213,100.29,182.08361559,1.5691057262325816,0.2464652737674182,125.6292917772324,24.718002306134377,31.73632150663323,150.34729408336676,150.34729408336676,1.8436576216687932,-0.0280866216687933,146.6497514687522,-2.816807287163289,38.25067140841108,143.8329441815889,143.8329441815889,2024-01-15 08:15:00+00:00,2024-01-15 09:15:00+01:00
2024-01-15T08:30:00Z,2024-01-15T09:30:00+01:00,1.7767670000000002,7.107068000000001,94.677213,100.29,178.19196243000002,1.5691057262325816,0.2076612737674186,125.6292917772324,20.826349146134415,31.73632150663323,146.4556409233668,146.4556409233668,1.8436576216687932,-0.066890621668793,146.6497514687522,-6.708460447163251,38.25067140841108,139.94129102158897,139.94129102158894,2024-01-15 08:30:00+00:00,2024-01-15 09:30:00+01:00
2024-01-15T08:45:00Z,2024-01-15T09:45:00+01:00,1.7422299999999995,6.968919999999999,94.677213,100.29,174.72824669999997,1.5691057262325816,0.1731242737674181,125.6292917772324,17.362633416134365,31.73632150663323,142.99192519336677,142.99192519336674,1.8436576216687932,-0.1014276216687934,146.6497514687522,-10.1721761771633,38.25067140841108,136.47757529158892,136.4775752915889,2024-01-15 08:45:00+00:00,2024-01-15 09:45:00+01:00
2024-01-15T09:00:00Z,2024-01-15T10:00:00+01:00,1.717243,6.868971999999999,89.13676,94.88,162.93201584,1.5691057262325816,0.1481372737674182,125.6292917772324,14.055264535052643,23.247459527714938,139.68455631228505,139.68455631228505,1.8436576216687932,-0.1264146216687933,146.6497514687522,-11.994219303935113,28.27648367518287,134.6555321648171,134.65553216481712,2024-01-15 09:00:00+00:00,2024-01-15 10:00:00+01:00
2024-01-15T09:15:00Z,2024-01-15T10:15:00+01:00,1.701172,6.8046880000000005,89.13676,94.88,161.40719936,1.5691057262325816,0.1320662737674185,125.6292917772324,12.53044805505267,23.247459527714938,138.15973983228506,138.15973983228506,1.8436576216687932,-0.142485621668793,146.6497514687522,-13.519035783935086,28.27648367518287,133.13071568481712,133.13071568481712,2024-01-15 09:15:00+00:00,2024-01-15 10:15:00+01:00
2024-01-15T09:30:00Z,2024-01-15T10:30:00+01:00,1.6939290000000002,6.775716000000001,89.13676,94.88,160.71998352000003,1.5691057262325816,0.1248232737674186,125.6292917772324,11.84323221505268,23.247459527714938,137.47252399228506,137.4725239922851,1.8436576216687932,-0.1497286216687929,146.6497514687522,-14.206251623935076,28.27648367518287,132.44349984481713,132.44349984481715,2024-01-15 09:30:00+00:00,2024-01-15 10:30:00+01:00
2024-01-15T09:45:00Z,2024-01-15T10:45:00+01:00,1.695461,6.781844,89.13676,94.88,160.86533968,1.5691057262325816,0.1263552737674185,125.6292917772324,11.988588375052668,23.247459527714938,137.61788015228507,137.61788015228507,1.8436576216687932,-0.1481966216687931,146.6497514687522,-14.06089546393509,28.27648367518287,132.58885600481713,132.58885600481713,2024-01-15 09:45:00+00:00,2024-01-15 10:45:00+01:00
2024-01-15T10:00:00Z,2024-01-15T11:00:00+01:00,1.704045,6.81618,88.14289,90.26,153.8071017,1.5691057262325816,0.1349392737674184,125.6292917772324,12.179618850247188,15.998191072520427,137.80891062747958,137.80891062747958,1.8436576216687932,-0.1396126216687931,146.6497514687522,-12.601435231825272,19.75878546307308,134.04831623692695,134.04831623692692,2024-01-15 10:00:00+00:00,2024-01-15 11:00:00+01:00
2024-01-15T10:15:00Z,2024-01-15T11:15:00+01:00,1.7184430000000002,6.873772000000001,88.14289,90.26,155.10666518000002,1.5691057262325816,0.1493372737674185,125.6292917772324,13.4791823302472,15.998191072520427,139.1084741074796,139.1084741074796,1.8436576216687932,-0.125214621668793,146.6497514687522,-11.301871751825262,19.75878546307308,135.34787971692694,135.34787971692694,2024-01-15 10:15:00+00:00,2024-01-15 11:15:00+01:00
2024-01-15T10:30:00Z,2024-01-15T11:30:00+01:00,1.7393440000000002,6.957376000000001,88.14289,90.26,156.99318944000004,1.5691057262325816,0.1702382737674186,125.6292917772324,15.365706590247203,15.998191072520427,140.9949983674796,140.9949983674796,1.8436576216687932,-0.1043136216687929,146.6497514687522,-9.415347491825257,19.75878546307308,137.23440397692696,137.23440397692696,2024-01-15 10:30:00+00:00,2024-01-15 11:30:00+01:00
2024-01-15T10:45:00Z,2024-01-15T11:45:00+01:00,1.7669550000000005,7.067820000000001,88.14289,90.26,159.48535830000003,1.5691057262325816,0.1978492737674186,125.6292917772324,17.85787545024721,15.998191072520427,143.4871672274796,143.4871672274796,1.8436576216687932,-0.0767026216687929,146.6497514687522,-6.923178631825251,19.75878546307308,139.72657283692698,139.72657283692695,2024-01-15 10:45:00+00:00,2024-01-15 11:45:00+01:00
2024-01-15T11:00:00Z,2024-01-15T12:00:00+01:00,1.799216,7.196864,88.780747,83.86,150.88225376,1.5691057262325816,0.2301102737674183,125.6292917772324,19.297047558135706,5.955914424631885,144.92633933536808,144.9263393353681,1.8436576216687932,-0.0444416216687932,146.6497514687522,-3.726874393145005,7.959376684392794,142.9228770756072,142.9228770756072,2024-01-15 11:00:00+00:00,2024-01-15 12:00:00+01:00
2024-01-15T11:15:00Z,2024-01-15T12:15:00+01:00,1.829041,7.316164,88.780747,83.86,153.38337826,1.5691057262325816,0.2599352737674183,125.6292917772324,21.7981720581357,5.955914424631885,147.4274638353681,147.42746383536812,1.8436576216687932,-0.0146166216687932,146.6497514687522,-1.2257498931450057,7.959376684392794,145.4240015756072,145.4240015756072,2024-01-15 11:15:00+00:00,2024-01-15 12:15:00+01:00
2024-01-15T11:30:00Z,2024-01-15T12:30:00+01:00,1.847105,7.38842,88.780747,83.86,154.8982253,1.5691057262325816,0.2779992737674184,125.6292917772324,23.313019098135708,5.955914424631885,148.9423108753681,148.94231087536812,1.8436576216687932,0.0034473783312067,146.6497514687522,0.289097146855001,7.959376684392794,146.9388486156072,146.9388486156072,2024-01-15 11:30:00+00:00,2024-01-15 12:30:00+01:00
2024-01-15T11:45:00Z,2024-01-15T12:45:00+01:00,1.847049,7.388196000000001,88.780747,83.86,154.89352914000003,1.5691057262325816,0.2779432737674185,125.6292917772324,23.30832293813572,5.955914424631885,148.9376147153681,148.93761471536814,1.8436576216687932,0.0033913783312069,146.6497514687522,0.2844009868550149,7.959376684392794,146.93415245560723,146.93415245560723,2024-01-15 11:45:00+00:00,2024-01-15 12:45:00+01:00
2024-01-15T12:00:00Z,2024-01-15T13:00:00+01:00,1.822363,7.289452,83.544389,82.15,149.70712045000002,1.5691057262325816,0.2532572737674183,125.6292917772324,20.80508503999342,3.272743632774194,146.43437681722585,146.43437681722585,1.8436576216687932,-0.0212946216687932,146.6497514687522,-1.749353170091366,4.806722151339159,144.90039829866086,144.90039829866086,2024-01-15 12:00:00+00:00,2024-01-15 13:00:00+01:00
2024-01-15T12:15:00Z,2024-01-15T13:15:00+01:00,1.779511,7.118044,83.544389,82.15,146.18682865000002,1.5691057262325816,0.2104052737674184,125.6292917772324,17.284793239993427,3.272743632774194,142.91408501722583,142.91408501722583,1.8436576216687932,-0.0641466216687931,146.6497514687522,-5.269644970091357,4.806722151339159,141.3801064986609,141.3801064986609,2024-01-15 12:15:00+00:00,2024-01-15 13:15:00+01:00
2024-01-15T12:30:00Z,2024-01-15T13:30:00+01:00,1.726631,6.906524,83.544389,82.15,141.84273665,1.5691057262325816,0.1575252737674184,125.6292917772324,12.940701239993423,3.272743632774194,138.5699930172258,138.5699930172258,1.8436576216687932,-0.1170266216687931,146.6497514687522,-9.61373697009136,4.806722151339159,137.03601449866085,137.03601449866085,2024-01-15 12:30:00+00:00,2024-01-15 13:30:00+01:00
2024-01-15T12:45:00Z,2024-01-15T13:45:00+01:00,1.6741909999999998,6.696763999999999,83.544389,82.15,137.53479065,1.5691057262325816,0.1050852737674181,125.6292917772324,8.632755239993402,3.272743632774194,134.2620470172258,134.2620470172258,1.8436576216687932,-0.1694666216687934,146.6497514687522,-13.921682970091382,4.806722151339159,132.72806849866083,132.72806849866083,2024-01-15 12:45:00+00:00,2024-01-15 13:45:00+01:00
2024-01-15T13:00:00Z,2024-01-15T14:00:00+01:00,1.6280800000000002,6.512320000000001,83.069704,84.5,137.57276000000002,1.5691057262325816,0.0589742737674185,125.6292917772324,4.983326133346871,6.960142089420742,130.61261791057927,130.61261791057927,1.8436576216687932,-0.215577621668793,146.6497514687522,-18.21630903101301,9.1393175622608,128.4334424377392,128.43344243773922,2024-01-15 13:00:00+00:00,2024-01-15 14:00:00+01:00
2024-01-15T13:15:00Z,2024-01-15T14:15:00+01:00,1.590176,6.360704,83.069704,84.5,134.36987200000002,1.5691057262325816,0.0210702737674184,125.6292917772324,1.7804381333468575,6.960142089420742,127.40972991057926,127.40972991057929,1.8436576216687932,-0.2534816216687932,146.6497514687522,-21.419197031013024,9.1393175622608,125.2305544377392,125.23055443773922,2024-01-15 13:15:00+00:00,2024-01-15 14:15:00+01:00
2024-01-15T13:30:00Z,2024-01-15T14:30:00+01:00,1.559088,6.236352,83.069704,84.5,131.742936,1.5691057262325816,-0.0100177262325815,125.6292917772324,-0.8464978666531426,6.960142089420742,124.78279391057926,124.78279391057929,1.8436576216687932,-0.2845696216687932,146.6497514687522,-24.046133031013024,9.1393175622608,122.6036184377392,122.6036184377392,2024-01-15 13:30:00+00:00,2024-01-15 14:30:00+01:00
2024-01-15T13:45:00Z,2024-01-15T14:45:00+01:00,1.5320020000000003,6.128008000000001,83.069704,84.5,129.45416900000004,1.5691057262325816,-0.0371037262325812,125.6292917772324,-3.1352648666531193,6.960142089420742,122.49402691057928,122.4940269105793,1.8436576216687932,-0.3116556216687929,146.6497514687522,-26.334900031013,9.1393175622608,120.3148514377392,120.31485143773924,2024-01-15 13:45:00+00:00,2024-01-15 14:45:00+01:00
2024-01-15T14:00:00Z,2024-01-15T15:00:00+01:00,1.509424,6.0376959999999995,82.66919,89.44,135.00288256,1.5691057262325816,-0.0596817262325817,125.6292917772324,-5.337933594242109,14.71152437700971,120.29135818299028,120.29135818299028,1.8436576216687932,-0.3342336216687933,146.6497514687522,-29.893855122056873,18.24698621330464,116.75589634669534,116.75589634669537,2024-01-15 14:00:00+00:00,2024-01-15 15:00:00+01:00
2024-01-15T14:15:00Z,2024-01-15T15:15:00+01:00,1.4921999999999995,5.968799999999999,82.66919,89.44,133.46236799999997,1.5691057262325816,-0.0769057262325818,125.6292917772324,-6.87844815424212,14.71152437700971,118.75084362299027,118.75084362299026,1.8436576216687932,-0.3514576216687934,146.6497514687522,-31.43436968205689,18.24698621330464,115.21538178669532,115.21538178669532,2024-01-15 14:15:00+00:00,2024-01-15 15:15:00+01:00
2024-01-15T14:30:00Z,2024-01-15T15:30:00+01:00,1.478901,5.915604,82.66919,89.44,132.27290544,1.5691057262325816,-0.0902047262325815,125.6292917772324,-8.067910714242096,14.71152437700971,117.5613810629903,117.56138106299028,1.8436576216687932,-0.3647566216687932,146.6497514687522,-32.623832242056864,18.24698621330464,114.02591922669536,114.02591922669536,2024-01-15 14:30:00+00:00,2024-01-15 15:30:00+01:00
2024-01-15T14:45:00Z,2024-01-15T15:45:00+01:00,1.47344,5.89376,82.66919,89.44,131.7844736,1.5691057262325816,-0.0956657262325815,125.6292917772324,-8.556342554242091,14.71152437700971,117.0729492229903,117.0729492229903,1.8436576216687932,-0.3702176216687931,146.6497514687522,-33.11226408205685,18.24698621330464,113.53748738669536,113.53748738669536,2024-01-15 14:45:00+00:00,2024-01-15 15:45:00+01:00
2024-01-15T15:00:00Z,2024-01-15T16:00:00+01:00,1.474865,5.89946,84.04874,97.52,143.8288348,1.5691057262325816,-0.0942407262325815,125.6292917772324,-9.190355622201348,27.38989864496895,116.43893615503104,116.43893615503106,1.8436576216687932,-0.3687926216687931,146.6497514687522,-35.964656465140706,33.1437397963885,110.68509500361152,110.68509500361152,2024-01-15 15:00:00+00:00,2024-01-15 16:00:00+01:00
2024-01-15T15:15:00Z,2024-01-15T16:15:00+01:00,1.487995,5.95198,84.04874,97.52,145.10927239999998,1.5691057262325816,-0.0811107262325816,125.6292917772324,-7.909918022201362,27.38989864496895,117.71937375503104,117.71937375503104,1.8436576216687932,-0.3556626216687932,146.6497514687522,-34.684218865140714,33.1437397963885,111.9655326036115,111.96553260361148,2024-01-15 15:15:00+00:00,2024-01-15 16:15:00+01:00
2024-01-15T15:30:00Z,2024-01-15T16:30:00+01:00,1.516759,6.067036,84.04874,97.52,147.91433768,1.5691057262325816,-0.0523467262325816,125.6292917772324,-5.10485274220136,27.38989864496895,120.52443903503104,120.52443903503104,1.8436576216687932,-0.3268986216687932,146.6497514687522,-31.879153585140717,33.1437397963885,114.7705978836115,114.77059788361149,2024-01-15 15:30:00+00:00,2024-01-15 16:30:00+01:00
2024-01-15T15:45:00Z,2024-01-15T16:45:00+01:00,1.5686170000000002,6.274468000000001,84.04874,97.52,152.97152984000002,1.5691057262325816,-0.0004887262325814,125.6292917772324,-0.0476605822013429,27.38989864496895,125.58163119503104,125.58163119503106,1.8436576216687932,-0.275040621668793,146.6497514687522,-26.8219614251407,33.1437397963885,119.82779004361151,119.82779004361151,2024-01-15 15:45:00+00:00,2024-01-15 16:45:00+01:00
2024-01-15T16:00:00Z,2024-01-15T17:00:00+01:00,1.643605,6.57442,91.903278,106.46,174.9781883,1.5691057262325816,0.0744992737674183,125.6292917772324,7.931192685279361,41.41770383748823,133.56048446251177,133.56048446251177,1.8436576216687932,-0.2000526216687932,146.6497514687522,-21.297602102859727,49.6260389341075,125.35214936589249,125.3521493658925,2024-01-15 16:00:00+00:00,2024-01-15 17:00:00+01:00
2024-01-15T16:15:00Z,2024-01-15T17:15:00+01:00,1.736911,6.947644,91.903278,106.46,184.91154506,1.5691057262325816,0.1678052737674185,125.6292917772324,17.864549445279373,41.41770383748823,143.49384122251178,143.49384122251178,1.8436576216687932,-0.1067466216687931,146.6497514687522,-11.364245342859714,49.6260389341075,135.2855061258925,135.2855061258925,2024-01-15 16:15:00+00:00,2024-01-15 17:15:00+01:00
2024-01-15T16:30:00Z,2024-01-15T17:30:00+01:00,1.841345,7.365380000000001,91.903278,106.46,196.0295887,1.5691057262325816,0.2722392737674186,125.6292917772324,28.982593085279387,41.41770383748823,154.61188486251177,154.61188486251177,1.8436576216687932,-0.0023126216687929,146.6497514687522,-0.2462017028597006,49.6260389341075,146.4035497658925,146.4035497658925,2024-01-15 16:30:00+00:00,2024-01-15 17:30:00+01:00
2024-01-15T16:45:00Z,2024-01-15T17:45:00+01:00,1.9491,7.7964,91.903278,106.46,207.501186,1.5691057262325816,0.3799942737674184,125.6292917772324,40.45419038527937,41.41770383748823,166.08348216251176,166.08348216251176,1.8436576216687932,0.1054423783312068,146.6497514687522,11.22539559714028,49.6260389341075,157.8751470658925,157.8751470658925,2024-01-15 16:45:00+00:00,2024-01-15 17:45:00+01:00
2024-01-15T17:00:00Z,2024-01-15T18:00:00+01:00,2.053474,8.213896,92.422463,112.8,231.6318672,1.5691057262325816,0.4843682737674184,125.6292917772324,54.6367412809648,51.36583414180279,180.2660330581972,180.2660330581972,1.8436576216687932,0.2098163783312068,146.6497514687522,23.667287475760126,61.31482825548767,170.31703894451235,170.31703894451232,2024-01-15 17:00:00+00:00,2024-01-15 18:00:00+01:00
2024-01-15T17:15:00Z,2024-01-15T18:15:00+01:00,2.148481,8.593924,92.422463,112.8,242.3486568,1.5691057262325816,0.5793752737674183,125.6292917772324,65.35353088096478,51.36583414180279,190.98282265819716,190.9828226581972,1.8436576216687932,0.3048233783312066,146.6497514687522,34.38407707576011,61.31482825548767,181.03382854451232,181.03382854451232,2024-01-15 17:15:00+00:00,2024-01-15 18:15:00+01:00
2024-01-15T17:30:00Z,2024-01-15T18:30:00+01:00,2.23049,8.92196,92.422463,112.8,251.599272,1.5691057262325816,0.6613842737674185,125.6292917772324,74.60414608096481,51.36583414180279,200.2334378581972,200.2334378581972,1.8436576216687932,0.3868323783312068,146.6497514687522,43.63469227576013,61.31482825548767,190.28444374451232,190.28444374451232,2024-01-15 17:30:00+00:00,2024-01-15 18:30:00+01:00
2024-01-15T17:45:00Z,2024-01-15T18:45:00+01:00,2.2966100000000003,9.18644,92.422463,112.8,259.057608,1.5691057262325816,0.7275042737674187,125.6292917772324,82.06248208096483,51.36583414180279,207.6917738581972,207.6917738581972,1.8436576216687932,0.452952378331207,146.6497514687522,51.093028275760155,61.31482825548767,197.7427797445124,197.74277974451235,2024-01-15 17:45:00+00:00,2024-01-15 18:45:00+01:00
2024-01-15T18:00:00Z,2024-01-15T19:00:00+01:00,2.342204,9.368816,88.231893,110.38,258.53247752,1.5691057262325816,0.7730982737674186,125.6292917772324,85.33458745844766,47.56859828431996,210.96387923568005,210.96387923568005,1.8436576216687932,0.4985463783312069,146.6497514687522,55.02954924019862,56.85317681104917,201.67930070895085,201.6793007089508,2024-01-15 18:00:00+00:00,2024-01-15 19:00:00+01:00
2024-01-15T18:15:00Z,2024-01-15T19:15:00+01:00,2.363047,9.452188,88.231893,110.38,260.83312786,1.5691057262325816,0.7939412737674183,125.6292917772324,87.63523779844763,47.56859828431996,213.26452957568003,213.26452957568003,1.8436576216687932,0.5193893783312067,146.6497514687522,57.33019958019859,56.85317681104917,203.9799510489508,203.9799510489508,2024-01-15 18:15:00+00:00,2024-01-15 19:15:00+01:00
2024-01-15T18:30:00Z,2024-01-15T19:30:00+01:00,2.354041,9.416164,88.231893,110.38,259.83904558,1.5691057262325816,0.7849352737674185,125.6292917772324,86.64115551844765,47.56859828431996,212.27044729568004,212.27044729568004,1.8436576216687932,0.5103833783312068,146.6497514687522,56.33611730019861,56.85317681104917,202.9858687689508,202.98586876895084,2024-01-15 18:30:00+00:00,2024-01-15 19:30:00+01:00
2024-01-15T18:45:00Z,2024-01-15T19:45:00+01:00,2.3106290000000005,9.242516000000002,88.231893,110.38,255.04722902000003,1.5691057262325816,0.7415232737674189,125.6292917772324,81.84933895844769,47.56859828431996,207.4786307356801,207.47863073568007,1.8436576216687932,0.4669713783312073,146.6497514687522,51.54430074019866,56.85317681104917,198.1940522089509,198.1940522089509,2024-01-15 18:45:00+00:00,2024-01-15 19:45:00+01:00
2024-01-15T19:00:00Z,2024-01-15T20:00:00+01:00,2.233198,8.932792,76.468132,102.42,228.72413916,1.0979940165427395,1.1352039834572605,84.83101771809206,116.2675919856926,27.625529456215332,201.09860970378463,201.09860970378463,1.2609136542542183,0.9722843457457816,94.97201643842772,99.58136269128296,34.17076003028933,194.55337912971063,194.55337912971063,2024-01-15 19:00:00+00:00,2024-01-15 20:00:00+01:00
2024-01-15T19:15:00Z,2024-01-15T20:15:00+01:00,2.1312680000000004,8.525072000000002,76.468132,102.42,218.28446856000005,1.0979940165427395,1.0332739834572608,84.83101771809206,105.82792138569266,27.625529456215332,190.65893910378472,190.65893910378472,1.2609136542542183,0.8703543457457821,94.97201643842772,89.141692091283,34.17076003028933,184.11370852971072,184.11370852971072,2024-01-15 19:15:00+00:00,2024-01-15 20:15:00+01:00
2024-01-15T19:30:00Z,2024-01-15T20:30:00+01:00,2.0214879999999997,8.085951999999999,76.468132,102.42,207.04080096,1.0979940165427395,0.9234939834572602,84.83101771809206,94.5842537856926,27.625529456215332,179.41527150378465,179.41527150378465,1.2609136542542183,0.7605743457457814,94.97201643842772,77.89802449128294,34.17076003028933,172.87004092971063,172.87004092971063,2024-01-15 19:30:00+00:00,2024-01-15 20:30:00+01:00
2024-01-15T19:45:00Z,2024-01-15T20:45:00+01:00,1.918216,7.672864000000001,76.468132,102.42,196.46368272,1.0979940165427395,0.8202219834572606,84.83101771809206,84.00713554569263,27.625529456215332,168.8381532637847,168.83815326378468,1.2609136542542183,0.6573023457457818,94.97201643842772,67.32090625128298,34.17076003028933,162.29292268971068,162.29292268971068,2024-01-15 19:45:00+00:00,2024-01-15 20:45:00+01:00
2024-01-15T20:00:00Z,2024-01-15T21:00:00+01:00,1.8333310000000005,7.333324000000001,71.946952,91.78,168.26311918000002,1.0979940165427395,0.7353369834572607,84.83101771809206,67.48922834170739,15.942873120200574,152.32024605979944,152.32024605979944,1.2609136542542183,0.572417345745782,94.97201643842772,52.536463992547866,20.754638749024437,147.50848043097557,147.50848043097557,2024-01-15 20:00:00+00:00,2024-01-15 21:00:00+01:00
2024-01-15T20:15:00Z,2024-01-15T21:15:00+01:00,1.7628849999999998,7.051539999999999,71.946952,91.78,161.79758529999998,1.0979940165427395,0.6648909834572603,84.83101771809206,61.02369446170735,15.942873120200574,145.8547121797994,145.8547121797994,1.2609136542542183,0.5019713457457815,94.97201643842772,46.07093011254783,20.754638749024437,141.04294655097556,141.04294655097556,2024-01-15 20:15:00+00:00,2024-01-15 21:15:00+01:00
2024-01-15T20:30:00Z,2024-01-15T21:30:00+01:00,1.699441,6.797764,71.946952,91.78,155.97469498,1.0979940165427395,0.6014469834572604,84.83101771809206,55.200804141707366,15.942873120200574,140.03182185979944,140.03182185979944,1.2609136542542183,0.4385273457457816,94.97201643842772,40.24803979254784,20.754638749024437,135.22005623097556,135.22005623097556,2024-01-15 20:30:00+00:00,2024-01-15 21:30:00+01:00
2024-01-15T20:45:00Z,2024-01-15T21:45:00+01:00,1.635323,6.541292,71.946952,91.78,150.08994494,1.0979940165427395,0.5373289834572605,84.83101771809206,49.31605410170737,15.942873120200574,134.14707181979944,134.14707181979944,1.2609136542542183,0.3744093457457818,94.97201643842772,34.36328975254785,20.754638749024437,129.33530619097556,129.3353061909756,2024-01-15 20:45:00+00:00,2024-01-15 21:45:00+01:00
2024-01-15T21:00:00Z,2024-01-15T22:00:00+01:00,1.564264,6.2570559999999995,69.308431,89.49,139.98598535999997,1.0979940165427395,0.4662699834572603,84.83101771809206,41.72650081959023,13.428466822317702,126.55751853768228,126.55751853768228,1.2609136542542183,0.3033503457457815,94.97201643842772,27.14682244078999,17.86714648078228,122.1188388792177,122.11883887921768,2024-01-15 21:00:00+00:00,2024-01-15 22:00:00+01:00
2024-01-15T21:15:00Z,2024-01-15T22:15:00+01:00,1.4867819999999998,5.947127999999999,69.308431,89.49,133.05212117999997,1.0979940165427395,0.3887879834572603,84.83101771809206,34.79263663959022,13.428466822317702,119.62365435768228,119.62365435768228,1.2609136542542183,0.2258683457457815,94.97201643842772,20.212958260789986,17.86714648078228,115.1849746992177,115.18497469921768,2024-01-15 21:15:00+00:00,2024-01-15 22:15:00+01:00
2024-01-15T21:30:00Z,2024-01-15T22:30:00+01:00,1.404599,5.618396,69.308431,89.49,125.69756451,1.0979940165427395,0.3066049834572604,84.83101771809206,27.43807996959023,13.428466822317702,112.26909768768228,112.26909768768228,1.2609136542542183,0.1436853457457816,94.97201643842772,12.858401590789995,17.86714648078228,107.83041802921773,107.83041802921773,2024-01-15 21:30:00+00:00,2024-01-15 22:30:00+01:00
2024-01-15T21:45:00Z,2024-01-15T22:45:00+01:00,1.3178059999999998,5.271223999999999,69.308431,89.49,117.93045893999998,1.0979940165427395,0.2198119834572602,84.83101771809206,19.67097439959022,13.428466822317702,104.50199211768228,104.50199211768228,1.2609136542542183,0.0568923457457815,94.97201643842772,5.091296020789986,17.86714648078228,100.0633124592177,100.0633124592177,2024-01-15 21:45:00+00:00,2024-01-15 22:45:00+01:00
2024-01-15T22:00:00Z,2024-01-15T23:00:00+01:00,1.229584,4.918336,63.919408,86.43,106.27294512,1.0979940165427395,0.1315899834572604,84.83101771809206,11.373322270211023,10.068605131696929,96.20433998830308,96.20433998830308,1.2609136542542183,-0.0313296542542183,94.97201643842772,-2.7078220171920875,14.008750698764388,92.26419442123564,92.26419442123562,2024-01-15 22:00:00+00:00,2024-01-15 23:00:00+01:00
2024-01-15T22:15:00Z,2024-01-15T23:15:00+01:00,1.1396770000000005,4.558708000000001,63.919408,86.43,98.50228311000004,1.0979940165427395,0.0416829834572607,84.83101771809206,3.602660260211046,10.068605131696929,88.43367797830311,88.43367797830311,1.2609136542542183,-0.121236654254218,94.97201643842772,-10.478484027192064,14.008750698764388,84.49353241123565,84.49353241123565,2024-01-15 22:15:00+00:00,2024-01-15 23:15:00+01:00
2024-01-15T22:30:00Z,2024-01-15T23:30:00+01:00,1.050261,4.201044,63.919408,86.43,90.77405823,1.0979940165427395,-0.0477330165427396,84.83101771809206,-4.125564619788988,10.068605131696929,80.70545309830307,80.70545309830307,1.2609136542542183,-0.2106526542542184,94.97201643842772,-18.206708907192095,14.008750698764388,76.76530753123562,76.7653075312356,2024-01-15 22:30:00+00:00,2024-01-15 23:30:00+01:00
2024-01-15T22:45:00Z,2024-01-15T23:45:00+01:00,0.961415,3.84566,63.919408,86.43,83.09509845000001,1.0979940165427395,-0.1365790165427395,84.83101771809206,-11.804524399788978,10.068605131696929,73.02649331830308,73.02649331830308,1.2609136542542183,-0.2994986542542183,94.97201643842772,-25.885668687192087,14.008750698764388,69.08634775123562,69.08634775123562,2024-01-15 22:45:00+00:00,2024-01-15 23:45:00+01:00
2024-01-15T23:00:00Z,2024-01-16T00:00:00+01:00,0.8755850000000001,3.50234,59.923133,81.45,71.31639825,1.0979940165427395,-0.2224090165427394,84.83101771809206,-18.11521439740613,4.600594929314084,66.71580332068592,66.71580332068592,1.2609136542542183,-0.3853286542542182,94.97201643842772,-31.385018889006076,7.729400700578367,63.58699754942164,63.58699754942164,2024-01-15 23:00:00+00:00,2024-01-16 00:00:00+01:00
2024-01-15T23:15:00Z,2024-01-16T00:15:00+01:00,0.7951429999999999,3.1805719999999997,59.923133,81.45,64.76439735,1.0979940165427395,-0.3028510165427396,84.83101771809206,-24.66721529740614,4.600594929314084,60.16380242068591,60.16380242068591,1.2609136542542183,-0.4657706542542184,94.97201643842772,-37.93701978900609,7.729400700578367,57.03499664942163,57.03499664942163,2024-01-15 23:15:00+00:00,2024-01-16 00:15:00+01:00
2024-01-15T23:30:00Z,2024-01-16T00:30:00+01:00,0.7246770000000001,2.8987080000000005,59.923133,81.45,59.02494165000001,1.0979940165427395,-0.3733170165427394,84.83101771809206,-30.406670997406128,4.600594929314084,54.42434672068593,54.424346720685925,1.2609136542542183,-0.5362366542542182,94.97201643842772,-43.67647548900607,7.729400700578367,51.29554094942164,51.29554094942164,2024-01-15 23:30:00+00:00,2024-01-16 00:30:00+01:00
2024-01-15T23:45:00Z,2024-01-16T00:45:00+01:00,0.6648729999999999,2.6594919999999997,59.923133,81.45,54.153905849999994,1.0979940165427395,-0.4331210165427396,84.83101771809206,-35.27770679740614,4.600594929314084,49.55331092068592,49.55331092068591,1.2609136542542183,-0.5960406542542184,94.97201643842772,-48.54751128900609,7.729400700578367,46.42450514942163,46.42450514942163,2024-01-15 23:45:00+00:00,2024-01-16 00:45:00+01:00
2024-01-16T00:00:00Z,2024-01-16T01:00:00+01:00,0.620193,2.480772,57.305607,81.07,50.27904650999999,1.0979940165427395,-0.4778010165427395,84.83101771809206,-38.735328411119895,4.183357203027825,46.09568930697216,46.09568930697217,1.2609136542542183,-0.6407206542542183,94.97201643842772,-51.943223440389474,7.250253511961759,43.02879299803824,43.028792998038234,2024-01-16 00:00:00+00:00,2024-01-16 01:00:00+01:00
2024-01-16T00:15:00Z,2024-01-16T01:15:00+01:00,0.5884879999999999,2.3539519999999996,57.305607,81.07,47.708722159999986,1.0979940165427395,-0.5095060165427396,84.83101771809206,-41.3056527611199,4.183357203027825,43.525364956972155,43.52536495697216,1.2609136542542183,-0.6724256542542184,94.97201643842772,-54.51354779038948,7.250253511961759,40.458468648038235,40.45846864803823,2024-01-16 00:15:00+00:00,2024-01-16 01:15:00+01:00
2024-01-16T00:30:00Z,2024-01-16T01:30:00+01:00,0.567297,2.269188,57.305607,81.07,45.99076779,1.0979940165427395,-0.5306970165427395,84.83101771809206,-43.02360713111989,4.183357203027825,41.80741058697217,41.807410586972175,1.2609136542542183,-0.6936166542542183,94.97201643842772,-56.23150216038947,7.250253511961759,38.74051427803825,38.74051427803824,2024-01-16 00:30:00+00:00,2024-01-16 01:30:00+01:00
2024-01-16T00:45:00Z,2024-01-16T01:45:00+01:00,0.5530339999999999,2.2121359999999997,57.305607,81.07,44.83446637999999,1.0979940165427395,-0.5449600165427396,84.83101771809206,-44.1799085411199,4.183357203027825,40.65110917697216,40.65110917697216,1.2609136542542183,-0.7078796542542184,94.97201643842772,-57.38780357038948,7.250253511961759,37.58421286803824,37.58421286803823,2024-01-16 00:45:00+00:00,2024-01-16 01:45:00+01:00
2024-01-16T01:00:00Z,2024-01-16T02:00:00+01:00,0.543392,2.173568,58.299427,79.92,43.42788864,1.0979940165427395,-0.5546020165427396,84.83101771809206,-44.32379316209575,2.9206640840036897,40.50722455599631,40.50722455599631,1.2609136542542183,-0.7175216542542183,94.97201643842772,-57.34433060799713,5.800202809569413,37.627685830430586,37.627685830430586,2024-01-16 01:00:00+00:00,2024-01-16 02:00:00+01:00
2024-01-16T01:15:00Z,2024-01-16T02:15:00+01:00,0.536388,2.145552,58.299427,79.92,42.86812896,1.0979940165427395,-0.5616060165427396,84.83101771809206,-44.883552842095746,2.9206640840036897,39.94746487599631,39.94746487599631,1.2609136542542183,-0.7245256542542183,94.97201643842772,-57.90409028799713,5.800202809569413,37.06792615043059,37.06792615043059,2024-01-16 01:15:00+00:00,2024-01-16 02:15:00+01:00
2024-01-16T01:30:00Z,2024-01-16T02:30:00+01:00,0.533089,2.132356,58.299427,79.92,42.60447288,1.0979940165427395,-0.5649050165427395,84.83101771809206,-45.14720892209574,2.9206640840036897,39.68380879599631,39.68380879599631,1.2609136542542183,-0.7278246542542183,94.97201643842772,-58.167746367997125,5.800202809569413,36.80427007043059,36.80427007043059,2024-01-16 01:30:00+00:00,2024-01-16 02:30:00+01:00
2024-01-16T01:45:00Z,2024-01-16T02:45:00+01:00,0.529307,2.117228,58.299427,79.92,42.30221544,1.0979940165427395,-0.5686870165427396,84.83101771809206,-45.44946636209575,2.9206640840036897,39.38155135599631,39.38155135599631,1.2609136542542183,-0.7316066542542183,94.97201643842772,-58.47000380799713,5.800202809569413,36.502012630430585,36.502012630430585,2024-01-16 01:45:00+00:00,2024-01-16 02:45:00+01:00
2024-01-16T02:00:00Z,2024-01-16T03:00:00+01:00,0.526061,2.104244,57.29161,78.19,41.13270959,1.0979940165427395,-0.5719330165427395,84.83101771809206,-44.7194425634768,1.0211344353847522,40.11157515461525,40.111575154615245,1.2609136542542183,-0.7348526542542183,94.97201643842772,-57.45812903613733,3.618822187709611,37.513887402290386,37.513887402290386,2024-01-16 02:00:00+00:00,2024-01-16 03:00:00+01:00
2024-01-16T02:15:00Z,2024-01-16T03:15:00+01:00,0.5248,2.0992,57.29161,78.19,41.034112,1.0979940165427395,-0.5731940165427395,84.83101771809206,-44.8180401534768,1.0211344353847522,40.012977564615255,40.01297756461525,1.2609136542542183,-0.7361136542542183,94.97201643842772,-57.556726626137326,3.618822187709611,37.41528981229039,37.41528981229039,2024-01-16 02:15:00+00:00,2024-01-16 03:15:00+01:00
2024-01-16T02:30:00Z,2024-01-16T03:30:00+01:00,0.5235,2.094,57.29161,78.19,40.93246499999999,1.0979940165427395,-0.5744940165427396,84.83101771809206,-44.91968715347681,1.0211344353847522,39.91133056461525,39.91133056461524,1.2609136542542183,-0.7374136542542183,94.97201643842772,-57.65837362613733,3.618822187709611,37.31364281229038,37.31364281229038,2024-01-16 02:30:00+00:00,2024-01-16 03:30:00+01:00
2024-01-16T02:45:00Z,2024-01-16T03:45:00+01:00,0.526432,2.105728,57.29161,78.19,41.16171808,1.0979940165427395,-0.5715620165427395,84.83101771809206,-44.6904340734768,1.0211344353847522,40.140583644615255,40.14058364461525,1.2609136542542183,-0.7344816542542183,94.97201643842772,-57.42912054613733,3.618822187709611,37.54289589229039,37.54289589229039,2024-01-16 02:45:00+00:00,2024-01-16 03:45:00+01:00
2024-01-16T03:00:00Z,2024-01-16T04:00:00+01:00,0.531593,2.126372,57.802518,76.97,40.91671321,1.0979940165427395,-0.5664010165427396,84.83101771809206,-43.595886243294665,-0.3184182647974012,41.23513147479739,41.2351314747974,1.2609136542542183,-0.7293206542542183,94.97201643842772,-56.13581075794718,2.0805075295194655,38.83620568048053,38.83620568048053,2024-01-16 03:00:00+00:00,2024-01-16 04:00:00+01:00
2024-01-16T03:15:00Z,2024-01-16T04:15:00+01:00,0.540623,2.162492,57.802518,76.97,41.61175231,1.0979940165427395,-0.5573710165427396,84.83101771809206,-42.90084714329466,-0.3184182647974012,41.930170574797394,41.9301705747974,1.2609136542542183,-0.7202906542542183,94.97201643842772,-55.44077165794719,2.0805075295194655,39.53124478048053,39.531244780480534,2024-01-16 03:15:00+00:00,2024-01-16 04:15:00+01:00
2024-01-16T03:30:00Z,2024-01-16T04:30:00+01:00,0.550744,2.202976,57.802518,76.97,42.39076568,1.0979940165427395,-0.5472500165427395,84.83101771809206,-42.12183377329466,-0.3184182647974012,42.709183944797395,42.7091839447974,1.2609136542542183,-0.7101696542542183,94.97201643842772,-54.66175828794718,2.0805075295194655,40.310258150480536,40.310258150480536,2024-01-16 03:30:00+00:00,2024-01-16 04:30:00+01:00
2024-01-16T03:45:00Z,2024-01-16T04:45:00+01:00,0.562233,2.248932,57.802518,76.97,43.27507401,1.0979940165427395,-0.5357610165427396,84.83101771809206,-41.237525443294665,-0.3184182647974012,43.59349227479739,43.5934922747974,1.2609136542542183,-0.6986806542542183,94.97201643842772,-53.777449957947184,2.0805075295194655,41.19456648048053,41.19456648048053,2024-01-16 03:45:00+00:00,2024-01-16 04:45:00+01:00
2024-01-16T04:00:00Z,2024-01-16T05:00:00+01:00,0.575039,2.300156,60.888958,81.45,46.83692655,1.0979940165427395,-0.5229550165427396,84.83101771809206,-42.59468609740614,4.600594929314084,42.23633162068592,42.23633162068592,1.2609136542542183,-0.6858746542542183,94.97201643842772,-55.86449058900609,7.729400700578367,39.10752584942163,39.107525849421634,2024-01-16 04:00:00+00:00,2024-01-16 05:00:00+01:00
2024-01-16T04:15:00Z,2024-01-16T05:15:00+01:00,0.6017250000000001,2.4069000000000003,60.888958,81.45,49.01050125,1.0979940165427395,-0.4962690165427394,84.83101771809206,-40.42111139740613,4.600594929314084,44.40990632068593,44.40990632068592,1.2609136542542183,-0.6591886542542182,94.97201643842772,-53.69091588900608,7.729400700578367,41.28110054942164,41.28110054942164,2024-01-16 04:15:00+00:00,2024-01-16 05:15:00+01:00
2024-01-16T04:30:00Z,2024-01-16T05:30:00+01:00,0.6552849999999999,2.6211399999999996,60.888958,81.45,53.37296324999999,1.0979940165427395,-0.4427090165427396,84.83101771809206,-36.05864939740614,4.600594929314084,48.77236832068591,48.772368320685906,1.2609136542542183,-0.6056286542542184,94.97201643842772,-49.32845388900609,7.729400700578367,45.643562549421624,45.643562549421624,2024-01-16 04:30:00+00:00,2024-01-16 05:30:00+01:00
2024-01-16T04:45:00Z,2024-01-16T05:45:00+01:00,0.749061,2.996244,60.888958,81.45,61.01101845,1.0979940165427395,-0.3489330165427395,84.83101771809206,-28.42059419740614,4.600594929314084,56.41042352068592,56.41042352068592,1.2609136542542183,-0.5118526542542183,94.97201643842772,-41.69039868900609,7.729400700578367,53.28161774942163,53.281617749421635,2024-01-16 04:45:00+00:00,2024-01-16 05:45:00+01:00
2024-01-16T05:00:00Z,2024-01-16T06:00:00+01:00,0.8904500000000001,3.5618000000000003,70.449224,94.07,83.76463150000001,1.0979940165427395,-0.2075440165427394,84.83101771809206,-19.5236656361755,18.457279418083445,65.30735208191655,65.30735208191656,1.2609136542542183,-0.3704636542542182,94.97201643842772,-34.84951595569431,23.642131017266593,60.12250048273341,60.122500482733415,2024-01-16 05:00:00+00:00,2024-01-16 06:00:00+01:00
2024-01-16T05:15:00Z,2024-01-16T06:15:00+01:00,1.062948,4.251792,70.449224,94.07,99.99151836,1.0979940165427395,-0.0350460165427395,84.83101771809206,-3.2967787761755076,18.457279418083445,81.53423894191656,81.53423894191654,1.2609136542542183,-0.1979656542542183,94.97201643842772,-18.622629095694315,23.642131017266593,76.3493873427334,76.3493873427334,2024-01-16 05:15:00+00:00,2024-01-16 06:15:00+01:00
2024-01-16T05:30:00Z,2024-01-16T06:30:00+01:00,1.2427419999999998,4.970967999999999,70.449224,94.07,116.90473993999996,1.0979940165427395,0.1447479834572602,84.83101771809206,13.616442803824471,18.457279418083445,98.44746052191653,98.44746052191653,1.2609136542542183,-0.0181716542542185,94.97201643842772,-1.7094075156943358,23.642131017266593,93.26260892273338,93.26260892273338,2024-01-16 05:30:00+00:00,2024-01-16 06:30:00+01:00
2024-01-16T05:45:00Z,2024-01-16T06:45:00+01:00,1.406686,5.6267439999999995,70.449224,94.07,132.32695202,1.0979940165427395,0.3086919834572603,84.83101771809206,29.03865488382448,18.457279418083445,113.86967260191652,113.86967260191656,1.2609136542542183,0.1457723457457815,94.97201643842772,13.71280456430567,23.642131017266593,108.6848210027334,108.6848210027334,2024-01-16 05:45:00+00:00,2024-01-16 06:45:00+01:00
2024-01-16T06:00:00Z,2024-01-16T07:00:00+01:00,1.536539,6.146156,83.473862,114.77,176.34858103,1.0979940165427395,0.4385449834572605,84.83101771809206,50.33180775138979,41.18575556051816,135.16282546948185,135.16282546948185,1.2609136542542183,0.2756253457457818,94.97201643842772,31.633520931243375,49.74304366032891,126.60553736967108,126.60553736967108,2024-01-16 06:00:00+00:00,2024-01-16 07:00:00+01:00
2024-01-16T06:15:00Z,2024-01-16T07:15:00+01:00,1.635136,6.540544000000001,83.473862,114.77,187.66455872,1.0979940165427395,0.5371419834572606,84.83101771809206,61.6477854413898,41.18575556051816,146.47880315948186,146.47880315948186,1.2609136542542183,0.3742223457457818,94.97201643842772,42.94949862124338,49.74304366032891,137.9215150596711,137.9215150596711,2024-01-16 06:15:00+00:00,2024-01-16 07:15:00+01:00
2024-01-16T06:30:00Z,2024-01-16T07:30:00+01:00,1.709191,6.8367640000000005,83.473862,114.77,196.16385107,1.0979940165427395,0.6111969834572606,84.83101771809206,70.14707779138979,41.18575556051816,154.97809550948185,154.97809550948188,1.2609136542542183,0.4482773457457818,94.97201643842772,51.448790971243376,49.74304366032891,146.42080740967108,146.4208074096711,2024-01-16 06:30:00+00:00,2024-01-16 07:30:00+01:00
2024-01-16T06:45:00Z,2024-01-16T07:45:00+01:00,1.766228,7.0649120000000005,83.473862,114.77,202.70998756,1.0979940165427395,0.6682339834572606,84.83101771809206,76.6932142813898,41.18575556051816,161.52423199948186,161.52423199948186,1.2609136542542183,0.5053143457457818,94.97201643842772,57.99492746124338,49.74304366032891,152.9669438996711,152.9669438996711,2024-01-16 06:45:00+00:00,2024-01-16 07:45:00+01:00
2024-01-16T07:00:00Z,2024-01-16T08:00:00+01:00,1.812696,7.250784,97.532734,144.11,261.22762056,1.5691057262325816,0.2435902737674182,125.6292917772324,35.10379435262265,100.49453443014497,160.73308612985505,160.73308612985502,1.8436576216687932,-0.0309616216687933,146.6497514687522,-4.4618792986898095,119.0397483899376,142.1878721700624,142.18787217006238,2024-01-16 07:00:00+00:00,2024-01-16 08:00:00+01:00
2024-01-16T07:15:00Z,2024-01-16T08:15:00+01:00,1.847446,7.389784000000001,97.532734,144.11,266.23544306,1.5691057262325816,0.2783402737674185,125.6292917772324,40.11161685262269,100.49453443014497,165.74090862985508,165.74090862985506,1.8436576216687932,0.0037883783312069,146.6497514687522,0.545943201310231,119.0397483899376,147.19569467006244,147.1956946700624,2024-01-16 07:15:00+00:00,2024-01-16 08:15:00+01:00
2024-01-16T07:30:00Z,2024-01-16T08:30:00+01:00,1.866033,7.464132,97.532734,144.11,268.91401563000005,1.5691057262325816,0.2969272737674184,125.6292917772324,42.790189422622674,100.49453443014497,168.41948119985506,168.41948119985508,1.8436576216687932,0.0223753783312068,146.6497514687522,3.224515771310218,119.0397483899376,149.87426724006244,149.87426724006244,2024-01-16 07:30:00+00:00,2024-01-16 08:30:00+01:00
2024-01-16T07:45:00Z,2024-01-16T08:45:00+01:00,1.866926,7.467704,97.532734,144.11,269.04270586,1.5691057262325816,0.2978202737674185,125.6292917772324,42.918879652622685,100.49453443014497,168.54817142985507,168.54817142985505,1.8436576216687932,0.0232683783312068,146.6497514687522,3.3532060013102227,119.0397483899376,150.00295747006243,150.0029574700624,2024-01-16 07:45:00+00:00,2024-01-16 08:45:00+01:00
2024-01-16T08:00:00Z,2024-01-16T09:00:00+01:00,1.847542,7.390168,94.677213,138.6,256.0693212,1.5691057262325816,0.2784362737674184,125.6292917772324,38.59126754416419,91.8487618786034,164.2205593213966,164.2205593213966,1.8436576216687932,0.0038843783312068,146.6497514687522,0.5383748367052633,108.88119489454252,147.18812630545747,147.18812630545747,2024-01-16 08:00:00+00:00,2024-01-16 09:00:00+01:00
2024-01-16T08:15:00Z,2024-01-16T09:15:00+01:00,1.815746,7.262984,94.677213,138.6,251.6623956,1.5691057262325816,0.2466402737674184,125.6292917772324,34.1843419441642,91.8487618786034,159.8136337213966,159.8136337213966,1.8436576216687932,-0.0279116216687931,146.6497514687522,-3.868550763294728,108.88119489454252,142.78120070545748,142.78120070545748,2024-01-16 08:15:00+00:00,2024-01-16 09:15:00+01:00
2024-01-16T08:30:00Z,2024-01-16T09:30:00+01:00,1.776942,7.107768,94.677213,138.6,246.2841612,1.5691057262325816,0.2078362737674184,125.6292917772324,28.806107544164192,91.8487618786034,154.43539932139657,154.4353993213966,1.8436576216687932,-0.0667156216687931,146.6497514687522,-9.246785163294737,108.88119489454252,137.40296630545748,137.40296630545748,2024-01-16 08:30:00+00:00,2024-01-16 09:30:00+01:00
2024-01-16T08:45:00Z,2024-01-16T09:45:00+01:00,1.7423700000000002,6.969480000000001,94.677213,138.6,241.492482,1.5691057262325816,0.1732642737674186,125.6292917772324,24.014428344164216,91.8487618786034,149.6437201213966,149.64372012139663,1.8436576216687932,-0.101287621668793,146.6497514687522,-14.038464363294713,108.88119489454252,132.6112871054575,132.6112871054575,2024-01-16 08:45:00+00:00,2024-01-16 09:45:00+01:00
2024-01-16T09:00:00Z,2024-01-16T10:00:00+01:00,1.717383,6.8695319999999995,89.13676,122.0,209.520726,1.5691057262325816,0.1482772737674182,125.6292917772324,18.08982739962503,65.80160682314255,143.71911917685742,143.71911917685745,1.8436576216687932,-0.1262746216687933,146.6497514687522,-15.405503843592786,78.27647837484056,131.24424762515943,131.24424762515943,2024-01-16 09:00:00+00:00,2024-01-16 10:00:00+01:00
2024-01-16T09:15:00Z,2024-01-16T10:15:00+01:00,1.7013120000000002,6.805248000000001,89.13676,122.0,207.560064,1.5691057262325816,0.1322062737674185,125.6292917772324,16.129165399625066,65.80160682314255,141.75845717685746,141.75845717685746,1.8436576216687932,-0.142345621668793,146.6497514687522,-17.366165843592754,78.27647837484056,129.28358562515945,129.28358562515945,2024-01-16 09:15:00+00:00,2024-01-16 10:15:00+01:00
2024-01-16T09:30:00Z,2024-01-16T10:30:00+01:00,1.694069,6.776276,89.13676,122.0,206.676418,1.5691057262325816,0.1249632737674184,125.6292917772324,15.245519399625053,65.80160682314255,140.87481117685743,140.87481117685746,1.8436576216687932,-0.1495886216687931,146.6497514687522,-18.249811843592767,78.27647837484056,128.39993962515945,128.39993962515945,2024-01-16 09:30:00+00:00,2024-01-16 10:30:00+01:00
2024-01-16T09:45:00Z,2024-01-16T10:45:00+01:00,1.695601,6.7824040000000005,89.13676,122.0,206.863322,1.5691057262325816,0.1264952737674185,125.6292917772324,15.432423399625062,65.80160682314255,141.06171517685746,141.06171517685746,1.8436576216687932,-0.148056621668793,146.6497514687522,-18.06290784359275,78.27647837484056,128.58684362515947,128.58684362515945,2024-01-16 09:45:00+00:00,2024-01-16 10:45:00+01:00
2024-01-16T10:00:00Z,2024-01-16T11:00:00+01:00,1.704185,6.81674,88.14289,110.0,187.46035,1.5691057262325816,0.1350792737674184,125.6292917772324,14.85872011441603,46.97233810835158,140.48801189164843,140.48801189164843,1.8436576216687932,-0.1394726216687931,146.6497514687522,-15.341988383567246,56.15258691481503,131.30776308518497,131.30776308518497,2024-01-16 10:00:00+00:00,2024-01-16 11:00:00+01:00
2024-01-16T10:15:00Z,2024-01-16T11:15:00+01:00,1.7185830000000002,6.874332000000001,88.14289,110.0,189.04413,1.5691057262325816,0.1494772737674186,125.6292917772324,16.442500114416045,46.97233810835158,142.07179189164845,142.07179189164845,1.8436576216687932,-0.125074621668793,146.6497514687522,-13.758208383567233,56.15258691481503,132.891543085185,132.891543085185,2024-01-16 10:15:00+00:00,2024-01-16 11:15:00+01:00
2024-01-16T10:30:00Z,2024-01-16T11:30:00+01:00,1.739484,6.957936,88.14289,110.0,191.34324,1.5691057262325816,0.1703782737674184,125.6292917772324,18.741610114416027,46.97233810835158,144.37090189164843,144.37090189164843,1.8436576216687932,-0.1041736216687931,146.6497514687522,-11.45909838356725,56.15258691481503,135.19065308518498,135.19065308518498,2024-01-16 10:30:00+00:00,2024-01-16 11:30:00+01:00
2024-01-16T10:45:00Z,2024-01-16T11:45:00+01:00,1.76713,7.0685199999999995,88.14289,110.0,194.3843,1.5691057262325816,0.1980242737674182,125.6292917772324,21.78267011441601,46.97233810835158,147.41196189164842,147.41196189164842,1.8436576216687932,-0.0765276216687933,146.6497514687522,-8.418038383567268,56.15258691481503,138.23171308518494,138.23171308518496,2024-01-16 10:45:00+00:00,2024-01-16 11:45:00+01:00
2024-01-16T11:00:00Z,2024-01-16T12:00:00+01:00,1.7993560000000004,7.197424000000002,88.780747,103.43,186.10739108000004,1.5691057262325816,0.2302502737674188,125.6292917772324,23.81478581576413,36.663313487003535,149.44407759299654,149.4440775929965,1.8436576216687932,-0.0443016216687928,146.6497514687522,-4.582116729203241,44.03975634045108,142.06763473954896,142.06763473954896,2024-01-16 11:00:00+00:00,2024-01-16 12:00:00+01:00
2024-01-16T11:15:00Z,2024-01-16T12:15:00+01:00,1.8291810000000004,7.316724000000002,88.780747,103.43,189.19219083000004,1.5691057262325816,0.2600752737674188,125.6292917772324,26.899585565764127,36.663313487003535,152.5288773429965,152.5288773429965,1.8436576216687932,-0.0144766216687928,146.6497514687522,-1.4973169792032417,44.03975634045108,145.15243448954897,145.15243448954897,2024-01-16 11:15:00+00:00,2024-01-16 12:15:00+01:00
2024-01-16T11:30:00Z,2024-01-16T12:30:00+01:00,1.847245,7.38898,88.780747,103.43,191.06055035000003,1.5691057262325816,0.2781392737674184,125.6292917772324,28.76794508576409,36.663313487003535,154.3972368629965,154.3972368629965,1.8436576216687932,0.0035873783312068,146.6497514687522,0.3710425407967208,44.03975634045108,147.02079400954892,147.02079400954895,2024-01-16 11:30:00+00:00,2024-01-16 12:30:00+01:00
2024-01-16T11:45:00Z,2024-01-16T12:45:00+01:00,1.847224,7.388896000000001,88.780747,103.43,191.05837832000003,1.5691057262325816,0.2781182737674186,125.6292917772324,28.765773055764107,36.663313487003535,154.3950648329965,154.3950648329965,1.8436576216687932,0.0035663783312069,146.6497514687522,0.3688705107967387,44.03975634045108,147.01862197954895,147.01862197954895,2024-01-16 11:45:00+00:00,2024-01-16 12:45:00+01:00
2024-01-16T12:00:00Z,2024-01-16T13:00:00+01:00,1.822503,7.290012000000001,83.544389,94.98,173.10133494000002,1.5691057262325816,0.2533972737674186,125.6292917772324,24.06767306242942,23.404370100338213,149.6969648396618,149.6969648396618,1.8436576216687932,-0.021154621668793,146.6497514687522,-2.00926596610196,28.460849437349765,144.64048550265025,144.64048550265025,2024-01-16 12:00:00+00:00,2024-01-16 13:00:00+01:00
2024-01-16T12:15:00Z,2024-01-16T13:15:00+01:00,1.779686,7.1187439999999995,83.544389,94.98,169.03457627999998,1.5691057262325816,0.2105802737674182,125.6292917772324,20.000914402429387,23.404370100338213,145.6302061796618,145.63020617966177,1.8436576216687932,-0.0639716216687933,146.6497514687522,-6.076024626101991,28.460849437349765,140.57372684265022,140.57372684265022,2024-01-16 12:15:00+00:00,2024-01-16 13:15:00+01:00
2024-01-16T12:30:00Z,2024-01-16T13:30:00+01:00,1.726806,6.907224,83.544389,94.98,164.01203388000002,1.5691057262325816,0.1577002737674184,125.6292917772324,14.978372002429406,23.404370100338213,140.6076637796618,140.6076637796618,1.8436576216687932,-0.1168516216687931,146.6497514687522,-11.098567026101971,28.460849437349765,135.55118444265025,135.55118444265025,2024-01-16 12:30:00+00:00,2024-01-16 13:30:00+01:00
2024-01-16T12:45:00Z,2024-01-16T13:45:00+01:00,1.6743310000000002,6.697324000000001,83.544389,94.98,159.02795838000003,1.5691057262325816,0.1052252737674186,125.6292917772324,9.994296502429425,23.404370100338213,135.62358827966182,135.62358827966182,1.8436576216687932,-0.1693266216687929,146.6497514687522,-16.082642526101957,28.460849437349765,130.56710894265026,130.56710894265026,2024-01-16 12:45:00+00:00,2024-01-16 13:45:00+01:00
2024-01-16T13:00:00Z,2024-01-16T14:00:00+01:00,1.62822,6.51288,83.069704,96.0,156.30912,1.5691057262325816,0.0591142737674184,125.6292917772324,5.6749702816721665,25.004857941095423,131.30426205890456,131.30426205890458,1.8436576216687932,-0.2154376216687932,146.6497514687522,-20.68201168020415,30.341380211451938,125.96773978854807,125.96773978854807,2024-01-16 13:00:00+00:00,2024-01-16 14:00:00+01:00
2024-01-16T13:15:00Z,2024-01-16T14:15:00+01:00,1.5903159999999998,6.361263999999999,83.069704,96.0,152.670336,1.5691057262325816,0.0212102737674182,125.6292917772324,2.036186281672151,25.004857941095423,127.66547805890454,127.66547805890455,1.8436576216687932,-0.2533416216687933,146.6497514687522,-24.320795680204164,30.341380211451938,122.32895578854806,122.32895578854806,2024-01-16 13:15:00+00:00,2024-01-16 14:15:00+01:00
2024-01-16T13:30:00Z,2024-01-16T14:30:00+01:00,1.559228,6.236912,83.069704,96.0,149.685888,1.5691057262325816,-0.0098777262325815,125.6292917772324,-0.948261718327828,25.004857941095423,124.68103005890455,124.68103005890458,1.8436576216687932,-0.2844296216687931,146.6497514687522,-27.305243680204143,30.341380211451938,119.34450778854809,119.34450778854809,2024-01-16 13:30:00+00:00,2024-01-16 14:30:00+01:00
2024-01-16T13:45:00Z,2024-01-16T14:45:00+01:00,1.532142,6.1285680000000005,83.069704,96.0,147.085632,1.5691057262325816,-0.0369637262325814,125.6292917772324,-3.5485177183278225,25.004857941095423,122.08077405890458,122.08077405890458,1.8436576216687932,-0.3115156216687931,146.6497514687522,-29.905499680204137,30.341380211451938,116.74425178854808,116.74425178854808,2024-01-16 13:45:00+00:00,2024-01-16 14:45:00+01:00
2024-01-16T14:00:00Z,2024-01-16T15:00:00+01:00,1.509564,6.038256,82.66919,110.25,166.429431,1.5691057262325816,-0.0595417262325816,125.6292917772324,-6.564475317142132,47.36461453990973,119.06481646009028,119.06481646009028,1.8436576216687932,-0.3340936216687933,146.6497514687522,-36.83382178898446,56.613501320232245,109.81592967976776,109.81592967976776,2024-01-16 14:00:00+00:00,2024-01-16 15:00:00+01:00
2024-01-16T14:15:00Z,2024-01-16T15:15:00+01:00,1.4923049999999998,5.969219999999999,82.66919,110.25,164.52662624999996,1.5691057262325816,-0.0768007262325818,125.6292917772324,-8.467280067142147,47.36461453990973,117.16201171009024,117.16201171009024,1.8436576216687932,-0.3513526216687934,146.6497514687522,-38.736626538984474,56.613501320232245,107.91312492976776,107.91312492976772,2024-01-16 14:15:00+00:00,2024-01-16 15:15:00+01:00
2024-01-16T14:30:00Z,2024-01-16T15:30:00+01:00,1.479006,5.916024,82.66919,110.25,163.0604115,1.5691057262325816,-0.0900997262325815,125.6292917772324,-9.933494817142115,47.36461453990973,115.69579696009028,115.69579696009028,1.8436576216687932,-0.3646516216687931,146.6497514687522,-40.202841288984445,56.613501320232245,106.44691017976776,106.44691017976776,2024-01-16 14:30:00+00:00,2024-01-16 15:30:00+01:00
2024-01-16T14:45:00Z,2024-01-16T15:45:00+01:00,1.473545,5.89418,82.66919,110.25,162.45833625,1.5691057262325816,-0.0955607262325815,125.6292917772324,-10.53557006714211,47.36461453990973,115.09372171009028,115.09372171009028,1.8436576216687932,-0.3701126216687931,146.6497514687522,-40.80491653898444,56.613501320232245,105.84483492976776,105.84483492976776,2024-01-16 14:45:00+00:00,2024-01-16 15:45:00+01:00
2024-01-16T15:00:00Z,2024-01-16T16:00:00+01:00,1.475005,5.9000200000000005,84.04874,111.39,164.30080695,1.5691057262325816,-0.0941007262325814,125.6292917772324,-10.481879895047252,49.15339506781487,115.14741188218514,115.14741188218514,1.8436576216687932,-0.3686526216687931,146.6497514687522,-41.06421552768686,58.71527100893465,105.58553594106536,105.58553594106536,2024-01-16 15:00:00+00:00,2024-01-16 16:00:00+01:00
2024-01-16T15:15:00Z,2024-01-16T16:15:00+01:00,1.4881,5.9524,84.04874,111.39,165.759459,1.5691057262325816,-0.0810057262325816,125.6292917772324,-9.023227845047266,49.15339506781487,116.60606393218512,116.60606393218512,1.8436576216687932,-0.3555576216687932,146.6497514687522,-39.60556347768688,58.71527100893465,107.04418799106534,107.04418799106534,2024-01-16 15:15:00+00:00,2024-01-16 16:15:00+01:00
2024-01-16T15:30:00Z,2024-01-16T16:30:00+01:00,1.5168990000000002,6.067596000000001,84.04874,111.39,168.96737961000002,1.5691057262325816,-0.0522067262325813,125.6292917772324,-5.81530723504724,49.15339506781487,119.81398454218515,119.81398454218515,1.8436576216687932,-0.326758621668793,146.6497514687522,-36.397642867686855,58.71527100893465,110.25210860106536,110.25210860106536,2024-01-16 15:30:00+00:00,2024-01-16 16:30:00+01:00
2024-01-16T15:45:00Z,2024-01-16T16:45:00+01:00,1.5687570000000002,6.275028000000001,84.04874,111.39,174.74384223,1.5691057262325816,-0.0003487262325814,125.6292917772324,-0.0388446150472443,49.15339506781487,125.59044716218516,125.59044716218514,1.8436576216687932,-0.274900621668793,146.6497514687522,-30.621180247686855,58.71527100893465,116.02857122106536,116.02857122106536,2024-01-16 15:45:00+00:00,2024-01-16 16:45:00+01:00
2024-01-16T16:00:00Z,2024-01-16T17:00:00+01:00,1.643745,6.57498,91.903278,128.15,210.64592175,1.5691057262325816,0.0746392737674184,125.6292917772324,9.56502293329467,75.45160703947295,135.19431471052707,135.19431471052707,1.8436576216687932,-0.1999126216687932,146.6497514687522,-25.61880246685585,89.61497274810364,121.03094900189636,121.03094900189636,2024-01-16 16:00:00+00:00,2024-01-16 17:00:00+01:00
2024-01-16T16:15:00Z,2024-01-16T17:15:00+01:00,1.737051,6.9482040000000005,91.903278,128.15,222.60308565000005,1.5691057262325816,0.1679452737674185,125.6292917772324,21.52218683329469,75.45160703947295,147.15147861052708,147.15147861052708,1.8436576216687932,-0.106606621668793,146.6497514687522,-13.661638566855837,89.61497274810364,132.9881129018964,132.9881129018964,2024-01-16 16:15:00+00:00,2024-01-16 17:15:00+01:00
2024-01-16T16:30:00Z,2024-01-16T17:30:00+01:00,1.84152,7.36608,91.903278,128.15,235.990788,1.5691057262325816,0.2724142737674184,125.6292917772324,34.90988918329467,75.45160703947295,160.53918096052706,160.53918096052706,1.8436576216687932,-0.0021376216687931,146.6497514687522,-0.2739362168558442,89.61497274810364,146.37581525189637,146.37581525189637,2024-01-16 16:30:00+00:00,2024-01-16 17:30:00+01:00
2024-01-16T16:45:00Z,2024-01-16T17:45:00+01:00,1.949275,7.7971,91.903278,128.15,249.79959125,1.5691057262325816,0.3801692737674185,125.6292917772324,48.718692433294684,75.45160703947295,174.34798421052707,174.34798421052707,1.8436576216687932,0.1056173783312068,146.6497514687522,13.53486703314416,89.61497274810364,160.18461850189638,160.18461850189638,2024-01-16 16:45:00+00:00,2024-01-16 17:45:00+01:00
2024-01-16T17:00:00Z,2024-01-16T18:00:00+01:00,2.053684,8.214736,92.422463,127.31,261.45451004,1.5691057262325816,0.4845782737674184,125.6292917772324,61.691660033330045,74.13355822943757,187.32095181056243,187.32095181056243,1.8436576216687932,0.2100263783312068,146.6497514687522,26.738458225345944,88.06630034590185,173.38820969409815,173.38820969409815,2024-01-16 17:00:00+00:00,2024-01-16 18:00:00+01:00
2024-01-16T17:15:00Z,2024-01-16T18:15:00+01:00,2.148656,8.594624,92.422463,127.31,273.54539536,1.5691057262325816,0.5795502737674183,125.6292917772324,73.78254535333002,74.13355822943757,199.4118371305624,199.4118371305624,1.8436576216687932,0.3049983783312067,146.6497514687522,38.82934354534592,88.06630034590185,185.47909501409816,185.47909501409816,2024-01-16 17:15:00+00:00,2024-01-16 18:15:00+01:00
2024-01-16T17:30:00Z,2024-01-16T18:30:00+01:00,2.2307,8.9228,92.422463,127.31,283.99041700000004,1.5691057262325816,0.6615942737674185,125.6292917772324,84.22756699333006,74.13355822943757,209.85685877056244,209.85685877056247,1.8436576216687932,0.3870423783312069,146.6497514687522,49.27436518534596,88.06630034590185,195.92411665409816,195.9241166540982,2024-01-16 17:30:00+00:00,2024-01-16 18:30:00+01:00
2024-01-16T17:45:00Z,2024-01-16T18:45:00+01:00,2.2968200000000003,9.18728,92.422463,127.31,292.40815420000007,1.5691057262325816,0.7277142737674187,125.6292917772324,92.64530419333008,74.13355822943757,218.27459597056247,218.2745959705625,1.8436576216687932,0.4531623783312071,146.6497514687522,57.692102385345976,88.06630034590185,204.3418538540982,204.34185385409825,2024-01-16 17:45:00+00:00,2024-01-16 18:45:00+01:00
2024-01-16T18:00:00Z,2024-01-16T19:00:00+01:00,2.342449,9.369796,88.231893,111.77,261.81552473,1.5691057262325816,0.7733432737674186,125.6292917772324,86.43657770898437,49.74965524378325,212.06586948621677,212.0658694862167,1.8436576216687932,0.498791378331207,146.6497514687522,55.74991235607901,59.415860905168785,202.39966382483124,202.3996638248312,2024-01-16 18:00:00+00:00,2024-01-16 19:00:00+01:00
2024-01-16T18:15:00Z,2024-01-16T19:15:00+01:00,2.363292,9.453168,88.231893,111.77,264.14514684,1.5691057262325816,0.7941862737674183,125.6292917772324,88.76619981898435,49.74965524378325,214.39549159621671,214.39549159621671,1.8436576216687932,0.5196343783312067,146.6497514687522,58.079534466078975,59.415860905168785,204.7292859348312,204.7292859348312,2024-01-16 18:15:00+00:00,2024-01-16 19:15:00+01:00
2024-01-16T18:30:00Z,2024-01-16T19:30:00+01:00,2.354251,9.417004,88.231893,111.77,263.13463427,1.5691057262325816,0.7851452737674185,125.6292917772324,87.75568724898436,49.74965524378325,213.3849790262167,213.3849790262167,1.8436576216687932,0.5105933783312069,146.6497514687522,57.06902189607899,59.415860905168785,203.7187733648312,203.7187733648312,2024-01-16 18:30:00+00:00,2024-01-16 19:30:00+01:00
2024-01-16T18:45:00Z,2024-01-16T19:45:00+01:00,2.310874,9.243496,88.231893,111.77,258.28638698,1.5691057262325816,0.7417682737674185,125.6292917772324,82.90743995898437,49.74965524378325,208.5367317362168,208.53673173621672,1.8436576216687932,0.4672163783312069,146.6497514687522,52.22077460607899,59.415860905168785,198.8705260748312,198.8705260748312,2024-01-16 18:45:00+00:00,2024-01-16 19:45:00+01:00
2024-01-16T19:00:00Z,2024-01-16T20:00:00+01:00,2.233443,8.933772,76.468132,95.49,213.27147207,1.0979940165427395,1.1354489834572603,84.83101771809206,108.42402343033378,20.01643092157414,193.25504114842585,193.25504114842585,1.2609136542542183,0.9725293457457816,94.97201643842772,92.86682722526469,25.432628406307582,187.8388436636924,187.8388436636924,2024-01-16 19:00:00+00:00,2024-01-16 20:00:00+01:00
2024-01-16T19:15:00Z,2024-01-16T20:15:00+01:00,2.1314780000000004,8.525912000000002,76.468132,95.49,203.53483422,1.0979940165427395,1.033483983457261,84.83101771809206,98.68738558033384,20.01643092157414,183.51840329842588,183.51840329842588,1.2609136542542183,0.8705643457457821,94.97201643842772,83.13018937526473,25.432628406307582,178.10220581369245,178.10220581369242,2024-01-16 19:15:00+00:00,2024-01-16 20:15:00+01:00
2024-01-16T19:30:00Z,2024-01-16T20:30:00+01:00,2.021663,8.086652,76.468132,95.49,193.04859987,1.0979940165427395,0.9236689834572608,84.83101771809206,88.20115123033382,20.01643092157414,173.03216894842586,173.03216894842586,1.2609136542542183,0.7607493457457819,94.97201643842772,72.64395502526472,25.432628406307582,167.61597146369243,167.6159714636924,2024-01-16 19:30:00+00:00,2024-01-16 20:30:00+01:00
2024-01-16T19:45:00Z,2024-01-16T20:45:00+01:00,1.918391,7.673564,76.468132,95.49,183.18715658999997,1.0979940165427395,0.8203969834572604,84.83101771809206,78.33970795033379,20.01643092157414,163.17072566842586,163.17072566842583,1.2609136542542183,0.6574773457457816,94.97201643842772,62.782511745264685,25.432628406307582,157.7545281836924,157.7545281836924,2024-01-16 19:45:00+00:00,2024-01-16 20:45:00+01:00
2024-01-16T20:00:00Z,2024-01-16T21:00:00+01:00,1.833506,7.334023999999999,71.946952,86.21,158.06655225999998,1.0979940165427395,0.7355119834572603,84.83101771809206,63.40848809385041,9.827046448057516,148.23950581194248,148.23950581194248,1.2609136542542183,0.5725923457457816,94.97201643842772,49.36318612674383,13.731349694828438,144.33520256517153,144.33520256517153,2024-01-16 20:00:00+00:00,2024-01-16 21:00:00+01:00
2024-01-16T20:15:00Z,2024-01-16T21:15:00+01:00,1.76306,7.05224,71.946952,86.21,151.9934026,1.0979940165427395,0.6650659834572605,84.83101771809206,57.335338433850424,9.827046448057516,142.16635615194247,142.16635615194247,1.2609136542542183,0.5021463457457818,94.97201643842772,43.29003646674384,13.731349694828438,138.26205290517157,138.26205290517157,2024-01-16 20:15:00+00:00,2024-01-16 21:15:00+01:00
2024-01-16T20:30:00Z,2024-01-16T21:30:00+01:00,1.699616,6.798464,71.946952,86.21,146.52389535999998,1.0979940165427395,0.6016219834572605,84.83101771809206,51.865831193850426,9.827046448057516,136.69684891194248,136.69684891194248,1.2609136542542183,0.4387023457457817,94.97201643842772,37.82052922674384,13.731349694828438,132.79254566517156,132.79254566517153,2024-01-16 20:30:00+00:00,2024-01-16 21:30:00+01:00
2024-01-16T20:45:00Z,2024-01-16T21:45:00+01:00,1.635498,6.5419920000000005,71.946952,86.21,140.99628258,1.0979940165427395,0.5375039834572606,84.83101771809206,46.338218413850434,9.827046448057516,131.16923613194248,131.1692361319425,1.2609136542542183,0.3745843457457818,94.97201643842772,32.292916446743845,13.731349694828438,127.26493288517156,127.26493288517158,2024-01-16 20:45:00+00:00,2024-01-16 21:45:00+01:00
2024-01-16T21:00:00Z,2024-01-16T22:00:00+01:00,1.564439,6.257756,69.308431,82.04,128.34657556,1.0979940165427395,0.4664449834572604,84.83101771809206,38.26714644283364,5.2484113990743,123.0981641609257,123.09816416092568,1.2609136542542183,0.3035253457457816,94.97201643842772,24.901219364983923,8.47333975658836,119.87323580341165,119.87323580341165,2024-01-16 21:00:00+00:00,2024-01-16 22:00:00+01:00
2024-01-16T21:15:00Z,2024-01-16T22:15:00+01:00,1.486922,5.947687999999999,69.308431,82.04,121.98708088,1.0979940165427395,0.3889279834572603,84.83101771809206,31.90765176283364,5.2484113990743,116.7386694809257,116.7386694809257,1.2609136542542183,0.2260083457457815,94.97201643842772,18.54172468498392,8.47333975658836,113.51374112341163,113.51374112341163,2024-01-16 21:15:00+00:00,2024-01-16 22:15:00+01:00
2024-01-16T21:30:00Z,2024-01-16T22:30:00+01:00,1.4047390000000002,5.618956000000001,69.308431,82.04,115.24478756000002,1.0979940165427395,0.3067449834572606,84.83101771809206,25.165358442833664,5.2484113990743,109.99637616092572,109.99637616092572,1.2609136542542183,0.1438253457457818,94.97201643842772,11.799431364983946,8.47333975658836,106.77144780341166,106.77144780341166,2024-01-16 21:30:00+00:00,2024-01-16 22:30:00+01:00
2024-01-16T21:45:00Z,2024-01-16T22:45:00+01:00,1.317946,5.271784,69.308431,82.04,108.12428984000002,1.0979940165427395,0.2199519834572605,84.83101771809206,18.044860722833658,5.2484113990743,102.8758784409257,102.87587844092572,1.2609136542542183,0.0570323457457817,94.97201643842772,4.678933644983935,8.47333975658836,99.65095008341166,99.65095008341166,2024-01-16 21:45:00+00:00,2024-01-16 22:45:00+01:00
2024-01-16T22:00:00Z,2024-01-16T23:00:00+01:00,1.2297239999999998,4.918895999999999,63.919408,77.69,95.53725756,1.0979940165427395,0.1317299834572602,84.83101771809206,10.23410241479455,0.4721374271133811,95.0651201328866,95.0651201328866,1.2609136542542183,-0.0311896542542184,94.97201643842772,-2.4231242390102343,2.988365360582506,92.54889219941748,92.54889219941748,2024-01-16 22:00:00+00:00,2024-01-16 23:00:00+01:00
2024-01-16T22:15:00Z,2024-01-16T23:15:00+01:00,1.139782,4.559128,63.919408,77.69,88.54966358,1.0979940165427395,0.0417879834572605,84.83101771809206,3.246508434794571,0.4721374271133811,88.07752615288663,88.07752615288662,1.2609136542542183,-0.1211316542542182,94.97201643842772,-9.410718219010214,2.988365360582506,85.5612982194175,85.5612982194175,2024-01-16 22:15:00+00:00,2024-01-16 23:15:00+01:00
2024-01-16T22:30:00Z,2024-01-16T23:30:00+01:00,1.050366,4.201464,63.919408,77.69,81.60293453999999,1.0979940165427395,-0.0476280165427396,84.83101771809206,-3.7002206052054416,0.4721374271133811,81.13079711288661,81.13079711288661,1.2609136542542183,-0.2105476542542184,94.97201643842772,-16.357447259010225,2.988365360582506,78.61456917941749,78.61456917941749,2024-01-16 22:30:00+00:00,2024-01-16 23:30:00+01:00
2024-01-16T22:45:00Z,2024-01-16T23:45:00+01:00,0.961485,3.84594,63.919408,77.69,74.69776965,1.0979940165427395,-0.1365090165427395,84.83101771809206,-10.605385495205432,0.4721374271133811,74.22563222288662,74.22563222288662,1.2609136542542183,-0.2994286542542183,94.97201643842772,-23.262612149010216,2.988365360582506,71.7094042894175,71.70940428941749,2024-01-16 22:45:00+00:00,2024-01-16 23:45:00+01:00
2024-01-16T23:00:00Z,2024-01-17T00:00:00+01:00,0.8755850000000001,3.50234,59.923133,71.61,62.70064185,1.0979940165427395,-0.2224090165427394,84.83101771809206,-15.926709674625574,-6.203666193466475,68.90430804346649,68.90430804346647,1.2609136542542183,-0.3853286542542182,94.97201643842772,-27.59338493114457,-4.677989657283149,67.37863150728315,67.37863150728316,2024-01-16 23:00:00+00:00,2024-01-17 00:00:00+01:00
2024-01-16T23:15:00Z,2024-01-17T00:15:00+01:00,0.7951429999999999,3.1805719999999997,59.923133,71.61,56.94019022999999,1.0979940165427395,-0.3028510165427396,84.83101771809206,-21.687161294625582,-6.203666193466475,63.143856423466474,63.14385642346647,1.2609136542542183,-0.4657706542542184,94.97201643842772,-33.353836551144575,-4.677989657283149,61.61817988728314,61.61817988728314,2024-01-16 23:15:00+00:00,2024-01-17 00:15:00+01:00
2024-01-16T23:30:00Z,2024-01-17T00:30:00+01:00,0.7246770000000001,2.8987080000000005,59.923133,71.61,51.894119970000006,1.0979940165427395,-0.3733170165427394,84.83101771809206,-26.73323155462557,-6.203666193466475,58.09778616346649,58.09778616346648,1.2609136542542183,-0.5362366542542182,94.97201643842772,-38.39990681114456,-4.677989657283149,56.572109627283155,56.572109627283155,2024-01-16 23:30:00+00:00,2024-01-17 00:30:00+01:00
2024-01-16T23:45:00Z,2024-01-17T00:45:00+01:00,0.664908,2.659632,59.923133,71.61,47.61406188,1.0979940165427395,-0.4330860165427395,84.83101771809206,-31.013289644625573,-6.203666193466475,53.81772807346648,53.81772807346648,1.2609136542542183,-0.5960056542542183,94.97201643842772,-42.67996490114457,-4.677989657283149,52.29205153728314,52.29205153728315,2024-01-16 23:45:00+00:00,2024-01-17 00:45:00+01:00
2024-01-17T00:00:00Z,2024-01-17T01:00:00+01:00,0.620193,2.480772,57.305607,71.52,44.356203359999995,1.0979940165427395,-0.4778010165427395,84.83101771809206,-34.17232870313673,-6.302485654955333,50.65868901495533,50.65868901495533,1.2609136542542183,-0.6407206542542183,94.97201643842772,-45.82434119226169,-4.791471886166022,49.147675246166024,49.14767524616602,2024-01-17 00:00:00+00:00,2024-01-17 01:00:00+01:00
2024-01-17T00:15:00Z,2024-01-17T01:15:00+01:00,0.5884879999999999,2.3539519999999996,57.305607,71.52,42.088661759999994,1.0979940165427395,-0.5095060165427396,84.83101771809206,-36.439870303136736,-6.302485654955333,48.39114741495532,48.39114741495533,1.2609136542542183,-0.6724256542542184,94.97201643842772,-48.0918827922617,-4.791471886166022,46.880133646166016,46.880133646166016,2024-01-17 00:15:00+00:00,2024-01-17 01:15:00+01:00
2024-01-17T00:30:00Z,2024-01-17T01:30:00+01:00,0.567297,2.269188,57.305607,71.52,40.57308144,1.0979940165427395,-0.5306970165427395,84.83101771809206,-37.95545062313673,-6.302485654955333,46.87556709495533,46.875567094955336,1.2609136542542183,-0.6936166542542183,94.97201643842772,-49.60746311226168,-4.791471886166022,45.36455332616603,45.364553326166025,2024-01-17 00:30:00+00:00,2024-01-17 01:30:00+01:00
2024-01-17T00:45:00Z,2024-01-17T01:45:00+01:00,0.5530339999999999,2.2121359999999997,57.305607,71.52,39.55299167999999,1.0979940165427395,-0.5449600165427396,84.83101771809206,-38.97554038313674,-6.302485654955333,45.85547733495532,45.85547733495533,1.2609136542542183,-0.7078796542542184,94.97201643842772,-50.627552872261695,-4.791471886166022,44.34446356616602,44.34446356616601,2024-01-17 00:45:00+00:00,2024-01-17 01:45:00+01:00
2024-01-17T01:00:00Z,2024-01-17T02:00:00+01:00,0.543427,2.173708,58.299427,70.69,38.41485463,1.0979940165427395,-0.5545670165427395,84.83101771809206,-39.202342399406255,-7.2138206886858,45.6286753186858,45.6286753186858,1.2609136542542183,-0.7174866542542183,94.97201643842772,-50.71913158923069,-5.838030219197023,44.252884849197024,44.252884849197024,2024-01-17 01:00:00+00:00,2024-01-17 02:00:00+01:00
2024-01-17T01:15:00Z,2024-01-17T02:15:00+01:00,0.536388,2.145552,58.299427,70.69,37.91726772,1.0979940165427395,-0.5616060165427396,84.83101771809206,-39.69992930940626,-7.2138206886858,45.1310884086858,45.1310884086858,1.2609136542542183,-0.7245256542542183,94.97201643842772,-51.216718499230694,-5.838030219197023,43.75529793919702,43.75529793919702,2024-01-17 01:15:00+00:00,2024-01-17 02:15:00+01:00
2024-01-17T01:30:00Z,2024-01-17T02:30:00+01:00,0.533089,2.132356,58.299427,70.69,37.68406141,1.0979940165427395,-0.5649050165427395,84.83101771809206,-39.93313561940625,-7.2138206886858,44.897882098685805,44.8978820986858,1.2609136542542183,-0.7278246542542183,94.97201643842772,-51.44992480923069,-5.838030219197023,43.52209162919703,43.52209162919702,2024-01-17 01:30:00+00:00,2024-01-17 02:30:00+01:00
2024-01-17T01:45:00Z,2024-01-17T02:45:00+01:00,0.529307,2.117228,58.299427,70.69,37.41671183,1.0979940165427395,-0.5686870165427396,84.83101771809206,-40.20048519940626,-7.2138206886858,44.6305325186858,44.6305325186858,1.2609136542542183,-0.7316066542542183,94.97201643842772,-51.717274389230695,-5.838030219197023,43.25474204919702,43.25474204919702,2024-01-17 01:45:00+00:00,2024-01-17 02:45:00+01:00
2024-01-17T02:00:00Z,2024-01-17T03:00:00+01:00,0.526061,2.104244,57.29161,69.74,36.68749414,1.0979940165427395,-0.5719330165427395,84.83101771809206,-39.88660857369065,-8.256915004401407,44.944409144401405,44.944409144401405,1.2609136542542183,-0.7348526542542183,94.97201643842772,-51.24862410768918,-7.035898190738536,43.723392330738534,43.723392330738534,2024-01-17 02:00:00+00:00,2024-01-17 03:00:00+01:00
2024-01-17T02:15:00Z,2024-01-17T03:15:00+01:00,0.524835,2.09934,57.29161,69.74,36.6019929,1.0979940165427395,-0.5731590165427395,84.83101771809206,-39.97210981369065,-8.256915004401407,44.858907904401406,44.858907904401406,1.2609136542542183,-0.7360786542542183,94.97201643842772,-51.33412534768918,-7.035898190738536,43.637891090738535,43.637891090738535,2024-01-17 02:15:00+00:00,2024-01-17 03:15:00+01:00
2024-01-17T02:30:00Z,2024-01-17T03:30:00+01:00,0.523535,2.09414,57.29161,69.74,36.5113309,1.0979940165427395,-0.5744590165427396,84.83101771809206,-40.06277181369065,-8.256915004401407,44.76824590440141,44.76824590440141,1.2609136542542183,-0.7373786542542183,94.97201643842772,-51.42478734768918,-7.035898190738536,43.54722909073853,43.54722909073853,2024-01-17 02:30:00+00:00,2024-01-17 03:30:00+01:00
2024-01-17T02:45:00Z,2024-01-17T03:45:00+01:00,0.526467,2.105868,57.29161,69.74,36.71580858,1.0979940165427395,-0.5715270165427395,84.83101771809206,-39.85829413369065,-8.256915004401407,44.97272358440141,44.97272358440141,1.2609136542542183,-0.7344466542542183,94.97201643842772,-51.22030966768918,-7.035898190738536,43.75170677073854,43.75170677073854,2024-01-17 02:45:00+00:00,2024-01-17 03:45:00+01:00
2024-01-17T03:00:00Z,2024-01-17T04:00:00+01:00,0.531628,2.126512,57.802518,69.47,36.93219716,1.0979940165427395,-0.5663660165427395,84.83101771809206,-39.34544716922411,-8.55337338886794,45.48557054886794,45.48557054886794,1.2609136542542183,-0.7292856542542183,94.97201643842772,-50.663474401040546,-7.376344877387169,44.30854203738717,44.30854203738717,2024-01-17 03:00:00+00:00,2024-01-17 04:00:00+01:00
2024-01-17T03:15:00Z,2024-01-17T04:15:00+01:00,0.540623,2.162492,57.802518,69.47,37.55707981,1.0979940165427395,-0.5573710165427396,84.83101771809206,-38.72056451922412,-8.55337338886794,46.11045319886794,46.11045319886794,1.2609136542542183,-0.7202906542542183,94.97201643842772,-50.03859175104055,-7.376344877387169,44.933424687387166,44.933424687387166,2024-01-17 03:15:00+00:00,2024-01-17 04:15:00+01:00
2024-01-17T03:30:00Z,2024-01-17T04:30:00+01:00,0.550744,2.202976,57.802518,69.47,38.26018568,1.0979940165427395,-0.5472500165427395,84.83101771809206,-38.01745864922412,-8.55337338886794,46.81355906886794,46.81355906886794,1.2609136542542183,-0.7101696542542183,94.97201643842772,-49.33548588104055,-7.376344877387169,45.63653055738717,45.63653055738717,2024-01-17 03:30:00+00:00,2024-01-17 04:30:00+01:00
2024-01-17T03:45:00Z,2024-01-17T04:45:00+01:00,0.562268,2.249072,57.802518,69.47,39.06075796,1.0979940165427395,-0.5357260165427395,84.83101771809206,-37.21688636922411,-8.55337338886794,47.61413134886794,47.614131348867936,1.2609136542542183,-0.6986456542542183,94.97201643842772,-48.53491360104054,-7.376344877387169,46.43710283738717,46.437102837387165,2024-01-17 03:45:00+00:00,2024-01-17 04:45:00+01:00
2024-01-17T04:00:00Z,2024-01-17T05:00:00+01:00,0.575074,2.300296,60.888958,71.06,40.86475844,1.0979940165427395,-0.5229200165427396,84.83101771809206,-37.15869637552707,-6.807562902564982,47.672321342564985,47.672321342564985,1.2609136542542183,-0.6858396542542183,94.97201643842772,-48.735765831304754,-5.371492167122966,46.23625060712296,46.23625060712297,2024-01-17 04:00:00+00:00,2024-01-17 05:00:00+01:00
2024-01-17T04:15:00Z,2024-01-17T05:15:00+01:00,0.6017250000000001,2.4069000000000003,60.888958,71.06,42.758578500000006,1.0979940165427395,-0.4962690165427394,84.83101771809206,-35.26487631552707,-6.807562902564982,49.56614140256499,49.56614140256499,1.2609136542542183,-0.6591886542542182,94.97201643842772,-46.84194577130475,-5.371492167122966,48.130070667122965,48.13007066712297,2024-01-17 04:15:00+00:00,2024-01-17 05:15:00+01:00
2024-01-17T04:30:00Z,2024-01-17T05:30:00+01:00,0.65532,2.62128,60.888958,71.06,46.5670392,1.0979940165427395,-0.4426740165427395,84.83101771809206,-31.45641561552707,-6.807562902564982,53.374602102564985,53.374602102564985,1.2609136542542183,-0.6055936542542183,94.97201643842772,-43.03348507130475,-5.371492167122966,51.93853136712296,51.93853136712297,2024-01-17 04:30:00+00:00,2024-01-17 05:30:00+01:00
2024-01-17T04:45:00Z,2024-01-17T05:45:00+01:00,0.749061,2.996244,60.888958,71.06,53.22827466,1.0979940165427395,-0.3489330165427395,84.83101771809206,-24.79518015552707,-6.807562902564982,60.03583756256498,60.03583756256498,1.2609136542542183,-0.5118526542542183,94.97201643842772,-36.37224961130475,-5.371492167122966,58.59976682712296,58.59976682712296,2024-01-17 04:45:00+00:00,2024-01-17 05:45:00+01:00
2024-01-17T05:00:00Z,2024-01-17T06:00:00+01:00,0.890485,3.56194,70.449224,75.09,66.86651865,1.0979940165427395,-0.2075090165427395,84.83101771809206,-15.581852052194314,-2.3826470158977457,69.24916566589775,69.24916566589775,1.2609136542542183,-0.3704286542542183,94.97201643842772,-27.815487647949254,-0.2900101404784578,67.15652879047846,67.15652879047846,2024-01-17 05:00:00+00:00,2024-01-17 06:00:00+01:00
2024-01-17T05:15:00Z,2024-01-17T06:15:00+01:00,1.062983,4.251932,70.449224,75.09,79.81939347000001,1.0979940165427395,-0.0350110165427395,84.83101771809206,-2.6289772321943112,-2.3826470158977457,82.20204048589774,82.20204048589775,1.2609136542542183,-0.1979306542542183,94.97201643842772,-14.862612827949253,-0.2900101404784578,80.10940361047847,80.10940361047847,2024-01-17 05:15:00+00:00,2024-01-17 06:15:00+01:00
2024-01-17T05:30:00Z,2024-01-17T06:30:00+01:00,1.2427769999999998,4.971107999999999,70.449224,75.09,93.32012493,1.0979940165427395,0.1447829834572602,84.83101771809206,10.871754227805674,-2.3826470158977457,95.70277194589772,95.70277194589774,1.2609136542542183,-0.0181366542542185,94.97201643842772,-1.3618813679492678,-0.2900101404784578,93.61013507047844,93.61013507047844,2024-01-17 05:30:00+00:00,2024-01-17 06:30:00+01:00
2024-01-17T05:45:00Z,2024-01-17T06:45:00+01:00,1.406756,5.6270240000000005,70.449224,75.09,105.63330804000002,1.0979940165427395,0.3087619834572606,84.83101771809206,23.1849373378057,-2.3826470158977457,108.01595505589776,108.01595505589776,1.2609136542542183,0.1458423457457818,94.97201643842772,10.951301742050756,-0.2900101404784578,105.92331818047847,105.92331818047847,2024-01-17 05:45:00+00:00,2024-01-17 06:45:00+01:00
2024-01-17T06:00:00Z,2024-01-17T07:00:00+01:00,1.536574,6.1462959999999995,83.473862,84.39,129.67147986,1.0979940165427395,0.4385799834572603,84.83101771809206,37.0117648039582,7.828697337949734,121.84278252205026,121.84278252205029,1.2609136542542183,0.2756603457457816,94.97201643842772,23.26297657748651,11.436486844085763,118.23499301591424,118.23499301591424,2024-01-17 06:00:00+00:00,2024-01-17 07:00:00+01:00
2024-01-17T06:15:00Z,2024-01-17T07:15:00+01:00,1.635206,6.540824,83.473862,84.39,137.99503434,1.0979940165427395,0.5372119834572604,84.83101771809206,45.335319283958206,7.828697337949734,130.16633700205026,130.16633700205026,1.2609136542542183,0.3742923457457816,94.97201643842772,31.58653105748651,11.436486844085763,126.55854749591424,126.55854749591424,2024-01-17 06:15:00+00:00,2024-01-17 07:15:00+01:00
2024-01-17T06:30:00Z,2024-01-17T07:30:00+01:00,1.709261,6.837044,83.473862,84.39,144.24453579,1.0979940165427395,0.6112669834572604,84.83101771809206,51.5848207339582,7.828697337949734,136.41583845205025,136.41583845205025,1.2609136542542183,0.4483473457457816,94.97201643842772,37.83603250748651,11.436486844085763,132.8080489459142,132.8080489459142,2024-01-17 06:30:00+00:00,2024-01-17 07:30:00+01:00
2024-01-17T06:45:00Z,2024-01-17T07:45:00+01:00,1.766263,7.0650520000000006,83.473862,84.39,149.05493457,1.0979940165427395,0.6682689834572606,84.83101771809206,56.395219513958224,7.828697337949734,141.22623723205027,141.22623723205027,1.2609136542542183,0.5053493457457818,94.97201643842772,42.64643128748653,11.436486844085763,137.61844772591425,137.61844772591422,2024-01-17 06:45:00+00:00,2024-01-17 07:45:00+01:00
2024-01-17T07:00:00Z,2024-01-17T08:00:00+01:00,1.812731,7.250924,97.532734,96.5,174.9285415,1.5691057262325816,0.2436252737674182,125.6292917772324,23.509838918555864,25.78941080421174,149.13913069578825,149.13913069578825,1.8436576216687932,-0.0309266216687933,146.6497514687522,-2.9844189910385577,31.263209022286333,143.66533247771366,143.66533247771366,2024-01-17 07:00:00+00:00,2024-01-17 08:00:00+01:00
2024-01-17T07:15:00Z,2024-01-17T08:15:00+01:00,1.847481,7.389924000000001,97.532734,96.5,178.28191650000002,1.5691057262325816,0.2783752737674185,125.6292917772324,26.86321391855589,25.78941080421174,152.49250569578828,152.49250569578828,1.8436576216687932,0.0038233783312069,146.6497514687522,0.3689560089614696,31.263209022286333,147.0187074777137,147.0187074777137,2024-01-17 07:15:00+00:00,2024-01-17 08:15:00+01:00
2024-01-17T07:30:00Z,2024-01-17T08:30:00+01:00,1.866068,7.464271999999999,97.532734,96.5,180.075562,1.5691057262325816,0.2969622737674182,125.6292917772324,28.65685941855586,25.78941080421174,154.28615119578825,154.28615119578825,1.8436576216687932,0.0224103783312066,146.6497514687522,2.1626015089614397,31.263209022286333,148.81235297771366,148.81235297771366,2024-01-17 07:30:00+00:00,2024-01-17 08:30:00+01:00
2024-01-17T07:45:00Z,2024-01-17T08:45:00+01:00,1.866961,7.467844,97.532734,96.5,180.1617365,1.5691057262325816,0.2978552737674182,125.6292917772324,28.743033918555863,25.78941080421174,154.37232569578825,154.37232569578825,1.8436576216687932,0.0233033783312066,146.6497514687522,2.2487760089614426,31.263209022286333,148.89852747771366,148.89852747771366,2024-01-17 07:45:00+00:00,2024-01-17 08:45:00+01:00
2024-01-17T08:00:00Z,2024-01-17T09:00:00+01:00,1.847577,7.390308,94.677213,106.16,196.13877432,1.5691057262325816,0.2784712737674184,125.6292917772324,29.56251042314914,40.946972119618465,155.19180220038157,155.19180220038157,1.8436576216687932,0.0039193783312068,146.6497514687522,0.4160812036409153,49.072941647606854,147.06583267239313,147.06583267239316,2024-01-17 08:00:00+00:00,2024-01-17 09:00:00+01:00
2024-01-17T08:15:00Z,2024-01-17T09:15:00+01:00,1.815781,7.263124,94.677213,106.16,192.76331096,1.5691057262325816,0.2466752737674182,125.6292917772324,26.187047063149123,40.946972119618465,151.81633884038152,151.81633884038152,1.8436576216687932,-0.0278766216687933,146.6497514687522,-2.9593821563591014,49.072941647606854,143.6903693123931,143.69036931239313,2024-01-17 08:15:00+00:00,2024-01-17 09:15:00+01:00
2024-01-17T08:30:00Z,2024-01-17T09:30:00+01:00,1.7769770000000005,7.107908000000001,94.677213,106.16,188.64387832000003,1.5691057262325816,0.2078712737674186,125.6292917772324,22.067614423149163,40.946972119618465,147.69690620038156,147.69690620038156,1.8436576216687932,-0.0666806216687929,146.6497514687522,-7.078814796359061,49.072941647606854,139.57093667239317,139.57093667239317,2024-01-17 08:30:00+00:00,2024-01-17 09:30:00+01:00
2024-01-17T08:45:00Z,2024-01-17T09:45:00+01:00,1.742405,6.96962,94.677213,106.16,184.9737148,1.5691057262325816,0.1732992737674183,125.6292917772324,18.397450903149135,40.946972119618465,144.02674268038152,144.02674268038152,1.8436576216687932,-0.1012526216687932,146.6497514687522,-10.74897831635909,49.072941647606854,135.90077315239313,135.90077315239313,2024-01-17 08:45:00+00:00,2024-01-17 09:45:00+01:00
2024-01-17T09:00:00Z,2024-01-17T10:00:00+01:00,1.717418,6.869672,89.13676,110.33,189.48272794,1.5691057262325816,0.1483122737674183,125.6292917772324,16.36329316475926,47.49014299800834,141.99258494199165,141.99258494199165,1.8436576216687932,-0.1262396216687933,146.6497514687522,-13.928017458717967,56.760993929965736,132.72173401003425,132.72173401003425,2024-01-17 09:00:00+00:00,2024-01-17 10:00:00+01:00
2024-01-17T09:15:00Z,2024-01-17T10:15:00+01:00,1.7013470000000002,6.805388000000001,89.13676,110.33,187.70961451,1.5691057262325816,0.1322412737674185,125.6292917772324,14.59017973475929,47.49014299800834,140.21947151199169,140.21947151199169,1.8436576216687932,-0.142310621668793,146.6497514687522,-15.701130888717936,56.760993929965736,130.9486205800343,130.9486205800343,2024-01-17 09:15:00+00:00,2024-01-17 10:15:00+01:00
2024-01-17T09:30:00Z,2024-01-17T10:30:00+01:00,1.694104,6.776416,89.13676,110.33,186.91049432,1.5691057262325816,0.1249982737674184,125.6292917772324,13.791059544759278,47.49014299800834,139.4203513219917,139.42035132199166,1.8436576216687932,-0.1495536216687931,146.6497514687522,-16.500251078717948,56.760993929965736,130.14950039003426,130.14950039003426,2024-01-17 09:30:00+00:00,2024-01-17 10:30:00+01:00
2024-01-17T09:45:00Z,2024-01-17T10:45:00+01:00,1.695636,6.782544000000001,89.13676,110.33,187.07951988,1.5691057262325816,0.1265302737674185,125.6292917772324,13.960085104759289,47.49014299800834,139.58937688199168,139.58937688199168,1.8436576216687932,-0.148021621668793,146.6497514687522,-16.33122551871794,56.760993929965736,130.31852595003429,130.31852595003429,2024-01-17 09:45:00+00:00,2024-01-17 10:45:00+01:00
2024-01-17T10:00:00Z,2024-01-17T11:00:00+01:00,1.70422,6.81688,88.14289,111.1,189.338842,1.5691057262325816,0.1351142737674184,125.6292917772324,15.01119581556019,48.69835440720741,140.6404875927926,140.6404875927926,1.8436576216687932,-0.1394376216687931,146.6497514687522,-15.491519767402917,58.18061029865069,131.1582317013493,131.1582317013493,2024-01-17 10:00:00+00:00,2024-01-17 11:00:00+01:00
2024-01-17T10:15:00Z,2024-01-17T11:15:00+01:00,1.7186179999999998,6.874471999999999,88.14289,111.1,190.9384598,1.5691057262325816,0.1495122737674181,125.6292917772324,16.610813615560158,48.69835440720741,142.24010539279254,142.24010539279257,1.8436576216687932,-0.1250396216687934,146.6497514687522,-13.891901967402951,58.18061029865069,132.75784950134926,132.75784950134928,2024-01-17 10:15:00+00:00,2024-01-17 11:15:00+01:00
2024-01-17T10:30:00Z,2024-01-17T11:30:00+01:00,1.739519,6.958076,88.14289,111.1,193.2605609,1.5691057262325816,0.1704132737674184,125.6292917772324,18.932914715560187,48.69835440720741,144.5622064927926,144.5622064927926,1.8436576216687932,-0.1041386216687931,146.6497514687522,-11.569800867402922,58.18061029865069,135.07995060134928,135.0799506013493,2024-01-17 10:30:00+00:00,2024-01-17 11:30:00+01:00
2024-01-17T10:45:00Z,2024-01-17T11:45:00+01:00,1.7671650000000003,7.068660000000001,88.14289,111.1,196.33203150000003,1.5691057262325816,0.1980592737674187,125.6292917772324,22.004385315560217,48.69835440720741,147.63367709279262,147.63367709279262,1.8436576216687932,-0.0764926216687928,146.6497514687522,-8.49833026740289,58.18061029865069,138.15142120134934,138.15142120134934,2024-01-17 10:45:00+00:00,2024-01-17 11:45:00+01:00
2024-01-17T11:00:00Z,2024-01-17T12:00:00+01:00,1.799426,7.197704,88.780747,117.71,211.81043446,1.5691057262325816,0.2303202737674183,125.6292917772324,27.110999425162817,59.07014325760477,152.7402912023952,152.7402912023952,1.8436576216687932,-0.0442316216687932,146.6497514687522,-5.206504186633652,70.36718717788142,141.44324728211856,141.44324728211856,2024-01-17 11:00:00+00:00,2024-01-17 12:00:00+01:00
2024-01-17T11:15:00Z,2024-01-17T12:15:00+01:00,1.829251,7.317004,88.780747,117.71,215.32113521,1.5691057262325816,0.2601452737674183,125.6292917772324,30.621700175162815,59.07014325760477,156.25099195239522,156.25099195239522,1.8436576216687932,-0.0144066216687932,146.6497514687522,-1.6958034366336536,70.36718717788142,144.95394803211855,144.95394803211855,2024-01-17 11:15:00+00:00,2024-01-17 12:15:00+01:00
2024-01-17T11:30:00Z,2024-01-17T12:30:00+01:00,1.847315,7.38926,88.780747,117.71,217.44744865,1.5691057262325816,0.2782092737674184,125.6292917772324,32.748013615162826,59.07014325760477,158.3773053923952,158.3773053923952,1.8436576216687932,0.0036573783312068,146.6497514687522,0.4305100033663557,70.36718717788142,147.08026147211856,147.08026147211856,2024-01-17 11:30:00+00:00,2024-01-17 12:30:00+01:00
2024-01-17T11:45:00Z,2024-01-17T12:45:00+01:00,1.847259,7.389036000000001,88.780747,117.71,217.44085689,1.5691057262325816,0.2781532737674186,125.6292917772324,32.74142185516284,59.07014325760477,158.37071363239522,158.37071363239525,1.8436576216687932,0.0036013783312069,146.6497514687522,0.4239182433663753,70.36718717788142,147.0736697121186,147.0736697121186,2024-01-17 11:45:00+00:00,2024-01-17 12:45:00+01:00
2024-01-17T12:00:00Z,2024-01-17T13:00:00+01:00,1.822573,7.290292,83.544389,121.7,221.8071341,1.5691057262325816,0.2534672737674184,125.6292917772324,30.84696721749482,65.33087510527278,156.47625899472723,156.47625899472723,1.8436576216687932,-0.0210846216687932,146.6497514687522,-2.565998457092134,77.72338108833992,144.0837530116601,144.0837530116601,2024-01-17 12:00:00+00:00,2024-01-17 13:00:00+01:00
2024-01-17T12:15:00Z,2024-01-17T13:15:00+01:00,1.779721,7.1188839999999995,83.544389,121.7,216.5920457,1.5691057262325816,0.2106152737674183,125.6292917772324,25.631878817494805,65.33087510527278,151.2611705947272,151.26117059472722,1.8436576216687932,-0.0639366216687933,146.6497514687522,-7.781086857092148,77.72338108833992,138.86866461166008,138.86866461166008,2024-01-17 12:15:00+00:00,2024-01-17 13:15:00+01:00
2024-01-17T12:30:00Z,2024-01-17T13:30:00+01:00,1.726841,6.907364,83.544389,121.7,210.1565497,1.5691057262325816,0.1577352737674184,125.6292917772324,19.19638281749483,65.33087510527278,144.82567459472722,144.82567459472722,1.8436576216687932,-0.1168166216687931,146.6497514687522,-14.216582857092126,77.72338108833992,132.43316861166008,132.43316861166008,2024-01-17 12:30:00+00:00,2024-01-17 13:30:00+01:00
2024-01-17T12:45:00Z,2024-01-17T13:45:00+01:00,1.6744009999999998,6.697603999999999,83.544389,121.7,203.7746017,1.5691057262325816,0.1052952737674182,125.6292917772324,12.814434817494796,65.33087510527278,138.4437265947272,138.4437265947272,1.8436576216687932,-0.1692566216687934,146.6497514687522,-20.598530857092157,77.72338108833992,126.05122061166006,126.05122061166006,2024-01-17 12:45:00+00:00,2024-01-17 13:45:00+01:00
2024-01-17T13:00:00Z,2024-01-17T14:00:00+01:00,1.6282549999999998,6.513019999999999,83.069704,121.74,198.2237637,1.5691057262325816,0.0591492737674181,125.6292917772324,7.20083258844549,65.39363933432207,132.83012436567788,132.8301243656779,1.8436576216687932,-0.2154026216687934,146.6497514687522,-26.223115161958912,77.79712739320667,120.4266363067933,120.42663630679333,2024-01-17 13:00:00+00:00,2024-01-17 14:00:00+01:00
2024-01-17T13:15:00Z,2024-01-17T14:15:00+01:00,1.590351,6.361404,83.069704,121.74,193.60933074,1.5691057262325816,0.0212452737674184,125.6292917772324,2.5863996284455246,65.39363933432207,128.21569140567792,128.21569140567792,1.8436576216687932,-0.2533066216687931,146.6497514687522,-30.837548121958875,77.79712739320667,115.81220334679334,115.81220334679332,2024-01-17 13:15:00+00:00,2024-01-17 14:15:00+01:00
2024-01-17T13:30:00Z,2024-01-17T14:30:00+01:00,1.559263,6.237052,83.069704,121.74,189.82467762,1.5691057262325816,-0.0098427262325815,125.6292917772324,-1.1982534915544758,65.39363933432207,124.43103828567791,124.43103828567791,1.8436576216687932,-0.2843946216687931,146.6497514687522,-34.62220124195888,77.79712739320667,112.02755022679334,112.02755022679332,2024-01-17 13:30:00+00:00,2024-01-17 14:30:00+01:00
2024-01-17T13:45:00Z,2024-01-17T14:45:00+01:00,1.532177,6.1287080000000005,83.069704,121.74,186.52722798,1.5691057262325816,-0.0369287262325814,125.6292917772324,-4.495703131554468,65.39363933432207,121.13358864567792,121.13358864567796,1.8436576216687932,-0.3114806216687931,146.6497514687522,-37.919650881958866,77.79712739320667,108.73010058679336,108.73010058679336,2024-01-17 13:45:00+00:00,2024-01-17 14:45:00+01:00
2024-01-17T14:00:00Z,2024-01-17T15:00:00+01:00,1.509599,6.038396,82.66919,125.46,189.39429054,1.5691057262325816,-0.0595067262325816,125.6292917772324,-7.465713873139698,71.23071263590728,118.1635779040927,118.1635779040927,1.8436576216687932,-0.3340586216687933,146.6497514687522,-41.91099467456681,84.65553374581458,104.7387567941854,104.7387567941854,2024-01-17 14:00:00+00:00,2024-01-17 15:00:00+01:00
2024-01-17T14:15:00Z,2024-01-17T15:15:00+01:00,1.4923399999999998,5.969359999999999,82.66919,125.46,187.22897639999996,1.5691057262325816,-0.0767657262325818,125.6292917772324,-9.631028013139716,71.23071263590728,115.99826376409268,115.99826376409268,1.8436576216687932,-0.3513176216687934,146.6497514687522,-44.07630881456682,84.65553374581458,102.57344265418538,102.57344265418538,2024-01-17 14:15:00+00:00,2024-01-17 15:15:00+01:00
2024-01-17T14:30:00Z,2024-01-17T15:30:00+01:00,1.479041,5.916164,82.66919,125.46,185.56048386,1.5691057262325816,-0.0900647262325815,125.6292917772324,-11.29952055313968,71.23071263590728,114.32977122409272,114.32977122409272,1.8436576216687932,-0.3646166216687931,146.6497514687522,-45.74480135456679,84.65553374581458,100.90495011418544,100.90495011418544,2024-01-17 14:30:00+00:00,2024-01-17 15:30:00+01:00
2024-01-17T14:45:00Z,2024-01-17T15:45:00+01:00,1.47358,5.89432,82.66919,125.46,184.8753468,1.5691057262325816,-0.0955257262325814,125.6292917772324,-11.984657613139673,71.23071263590728,113.64463416409272,113.64463416409274,1.8436576216687932,-0.3700776216687931,146.6497514687522,-46.42993841456678,84.65553374581458,100.21981305418544,100.21981305418544,2024-01-17 14:45:00+00:00,2024-01-17 15:45:00+01:00
2024-01-17T15:00:00Z,2024-01-17T16:00:00+01:00,1.47504,5.9001600000000005,84.04874,128.56,189.6311424,1.5691057262325816,-0.0940657262325814,125.6292917772324,-12.093089764460672,76.09494038722829,113.53620201277172,113.53620201277172,1.8436576216687932,-0.3686176216687931,146.6497514687522,-47.38948144174004,90.37087237298783,99.26027002701218,99.26027002701218,2024-01-17 15:00:00+00:00,2024-01-17 16:00:00+01:00
2024-01-17T15:15:00Z,2024-01-17T16:15:00+01:00,1.4881349999999998,5.952539999999999,84.04874,128.56,191.31463559999997,1.5691057262325816,-0.0809707262325818,125.6292917772324,-10.40959656446072,76.09494038722829,115.21969521277168,115.21969521277168,1.8436576216687932,-0.3555226216687934,146.6497514687522,-45.70598824174009,90.37087237298783,100.94376322701213,100.94376322701214,2024-01-17 15:15:00+00:00,2024-01-17 16:15:00+01:00
2024-01-17T15:30:00Z,2024-01-17T16:30:00+01:00,1.516934,6.067736,84.04874,128.56,195.01703504,1.5691057262325816,-0.0521717262325815,125.6292917772324,-6.70719712446069,76.09494038722829,118.9220946527717,118.9220946527717,1.8436576216687932,-0.3267236216687932,146.6497514687522,-42.00358880174006,90.37087237298783,104.64616266701216,104.64616266701216,2024-01-17 15:30:00+00:00,2024-01-17 16:30:00+01:00
2024-01-17T15:45:00Z,2024-01-17T16:45:00+01:00,1.568792,6.275168,84.04874,128.56,201.68389952,1.5691057262325816,-0.0003137262325816,125.6292917772324,-0.0403326444606949,76.09494038722829,125.5889591327717,125.58895913277172,1.8436576216687932,-0.2748656216687932,146.6497514687522,-35.33672432174006,90.37087237298783,111.31302714701216,111.31302714701218,2024-01-17 15:45:00+00:00,2024-01-17 16:45:00+01:00
2024-01-17T16:00:00Z,2024-01-17T17:00:00+01:00,1.6437799999999998,6.575119999999999,91.903278,140.52,230.9839656,1.5691057262325816,0.0746742737674182,125.6292917772324,10.493228949797606,94.86144487297,136.12252072703,136.12252072702998,1.8436576216687932,-0.1998776216687934,146.6497514687522,-28.08680339689885,112.42101752814662,118.56294807185336,118.56294807185336,2024-01-17 16:00:00+00:00,2024-01-17 17:00:00+01:00
2024-01-17T16:15:00Z,2024-01-17T17:15:00+01:00,1.737121,6.9484840000000005,91.903278,140.52,244.10024292000003,1.5691057262325816,0.1680152737674185,125.6292917772324,23.609506269797656,94.86144487297,149.23879804703006,149.23879804703003,1.8436576216687932,-0.106536621668793,146.6497514687522,-14.970526076898803,112.42101752814662,131.6792253918534,131.6792253918534,2024-01-17 16:15:00+00:00,2024-01-17 17:15:00+01:00
2024-01-17T16:30:00Z,2024-01-17T17:30:00+01:00,1.841555,7.36622,91.903278,140.52,258.7753086,1.5691057262325816,0.2724492737674184,125.6292917772324,38.284571949797645,94.86144487297,163.91386372703005,163.91386372703002,1.8436576216687932,-0.0021026216687931,146.6497514687522,-0.2954603968988147,112.42101752814662,146.3542910718534,146.3542910718534,2024-01-17 16:30:00+00:00,2024-01-17 17:30:00+01:00
2024-01-17T16:45:00Z,2024-01-17T17:45:00+01:00,1.94931,7.79724,91.903278,140.52,273.9170412,1.5691057262325816,0.3802042737674183,125.6292917772324,53.42630454979762,94.86144487297,179.05559632703,179.05559632703003,1.8436576216687932,0.1056523783312066,146.6497514687522,14.846272203101162,112.42101752814662,161.49602367185338,161.4960236718534,2024-01-17 16:45:00+00:00,2024-01-17 17:45:00+01:00
2024-01-17T17:00:00Z,2024-01-17T18:00:00+01:00,2.053719,8.214876,92.422463,123.59,253.81913121,1.5691057262325816,0.4846132737674185,125.6292917772324,59.89335450491525,68.29648492785236,185.5226462821477,185.5226462821477,1.8436576216687932,0.2100613783312068,146.6497514687522,25.961485747953855,81.20789399329394,172.61123721670606,172.6112372167061,2024-01-17 17:00:00+00:00,2024-01-17 18:00:00+01:00
2024-01-17T17:15:00Z,2024-01-17T18:15:00+01:00,2.148726,8.594904,92.422463,123.59,265.56104634,1.5691057262325816,0.5796202737674183,125.6292917772324,71.63526963491523,68.29648492785236,197.26456141214763,197.26456141214769,1.8436576216687932,0.3050683783312067,146.6497514687522,37.70340087795384,81.20789399329394,184.35315234670605,184.35315234670608,2024-01-17 17:15:00+00:00,2024-01-17 18:15:00+01:00
2024-01-17T17:30:00Z,2024-01-17T18:30:00+01:00,2.23077,8.92308,92.422463,123.59,275.70086430000003,1.5691057262325816,0.6616642737674185,125.6292917772324,81.77508759491526,68.29648492785236,207.40437937214767,207.40437937214767,1.8436576216687932,0.3871123783312069,146.6497514687522,47.84321883795386,81.20789399329394,194.49297030670607,194.4929703067061,2024-01-17 17:30:00+00:00,2024-01-17 18:30:00+01:00
2024-01-17T17:45:00Z,2024-01-17T18:45:00+01:00,2.29689,9.18756,92.422463,123.59,283.87263509999997,1.5691057262325816,0.7277842737674183,125.6292917772324,89.94685839491522,68.29648492785236,215.5761501721476,215.5761501721476,1.8436576216687932,0.4532323783312066,146.6497514687522,56.01498963795383,81.20789399329394,202.6647411067061,202.66474110670603,2024-01-17 17:45:00+00:00,2024-01-17 18:45:00+01:00
2024-01-17T18:00:00Z,2024-01-17T19:00:00+01:00,2.342484,9.369936,88.231893,114.28,267.69907152,1.5691057262325816,0.7733782737674186,125.6292917772324,88.38166912614061,53.68811061662703,214.01096090337305,214.010960903373,1.8436576216687932,0.498826378331207,146.6497514687522,57.00587851569034,64.04344153555746,203.65562998444256,203.65562998444256,2024-01-17 18:00:00+00:00,2024-01-17 19:00:00+01:00
2024-01-17T18:15:00Z,2024-01-17T19:15:00+01:00,2.363362,9.453448,88.231893,114.28,270.08500936,1.5691057262325816,0.7942562737674184,125.6292917772324,90.76760696614058,53.68811061662703,216.39689874337296,216.396898743373,1.8436576216687932,0.5197043783312068,146.6497514687522,59.39181635569031,64.04344153555746,206.04156782444252,206.04156782444255,2024-01-17 18:15:00+00:00,2024-01-17 19:15:00+01:00
2024-01-17T18:30:00Z,2024-01-17T19:30:00+01:00,2.354321,9.417284,88.231893,114.28,269.05180388,1.5691057262325816,0.7852152737674185,125.6292917772324,89.73440148614058,53.68811061662703,215.36369326337297,215.363693263373,1.8436576216687932,0.5106633783312069,146.6497514687522,58.35861087569032,64.04344153555746,205.00836234444253,205.00836234444256,2024-01-17 18:30:00+00:00,2024-01-17 19:30:00+01:00
2024-01-17T18:45:00Z,2024-01-17T19:45:00+01:00,2.310944000000001,9.243776000000002,88.231893,114.28,264.09468032000007,1.5691057262325816,0.741838273767419,125.6292917772324,84.77727792614064,53.68811061662703,210.40656970337304,210.40656970337304,1.8436576216687932,0.4672863783312073,146.6497514687522,53.401487315690375,64.04344153555746,200.0512387844426,200.0512387844426,2024-01-17 18:45:00+00:00,2024-01-17 19:45:00+01:00
2024-01-17T19:00:00Z,2024-01-17T20:00:00+01:00,2.233478,8.933912,76.468132,109.8,245.23588439999995,1.0979940165427395,1.1354839834572603,84.83101771809206,124.67614138360716,35.728725298300745,209.50715910169924,209.50715910169924,1.2609136542542183,0.9725643457457817,94.97201643842772,106.7875651628868,43.47630279868545,201.75958160131452,201.75958160131452,2024-01-17 19:00:00+00:00,2024-01-17 20:00:00+01:00
2024-01-17T19:15:00Z,2024-01-17T20:15:00+01:00,2.1315480000000004,8.526192000000002,76.468132,109.8,234.04397040000003,1.0979940165427395,1.033553983457261,84.83101771809206,113.48422738360723,35.728725298300745,198.3152451016993,198.3152451016993,1.2609136542542183,0.8706343457457821,94.97201643842772,95.59565116288688,43.47630279868545,190.5676676013146,190.56766760131455,2024-01-17 19:15:00+00:00,2024-01-17 20:15:00+01:00
2024-01-17T19:30:00Z,2024-01-17T20:30:00+01:00,2.021733,8.086932000000001,76.468132,109.8,221.9862834,1.0979940165427395,0.9237389834572608,84.83101771809206,101.42654038360722,35.728725298300745,186.2575581016993,186.2575581016993,1.2609136542542183,0.7608193457457819,94.97201643842772,83.53796416288685,43.47630279868545,178.50998060131457,178.50998060131457,2024-01-17 19:30:00+00:00,2024-01-17 20:30:00+01:00
2024-01-17T19:45:00Z,2024-01-17T20:45:00+01:00,1.918461,7.673844000000001,76.468132,109.8,210.6470178,1.0979940165427395,0.8204669834572607,84.83101771809206,90.0872747836072,35.728725298300745,174.91829250169928,174.91829250169928,1.2609136542542183,0.6575473457457819,94.97201643842772,72.19869856288685,43.47630279868545,167.17071500131456,167.17071500131456,2024-01-17 19:45:00+00:00,2024-01-17 20:45:00+01:00
2024-01-17T20:00:00Z,2024-01-17T21:00:00+01:00,1.833576,7.334304,71.946952,101.09,185.35619784,1.0979940165427395,0.7355819834572603,84.83101771809206,74.35998270769446,26.16519741421348,159.1910004257865,159.1910004257865,1.2609136542542183,0.5726623457457816,94.97201643842772,57.89043653144106,32.49374487013122,152.86245296986877,152.86245296986877,2024-01-17 20:00:00+00:00,2024-01-17 21:00:00+01:00
2024-01-17T20:15:00Z,2024-01-17T21:15:00+01:00,1.763095,7.052379999999999,71.946952,101.09,178.23127355,1.0979940165427395,0.6651009834572603,84.83101771809206,67.23505841769445,26.16519741421348,152.0660761357865,152.06607613578652,1.2609136542542183,0.5021813457457815,94.97201643842772,50.76551224144106,32.49374487013122,145.73752867986877,145.73752867986877,2024-01-17 20:15:00+00:00,2024-01-17 21:15:00+01:00
2024-01-17T20:30:00Z,2024-01-17T21:30:00+01:00,1.6996859999999998,6.798743999999999,71.946952,101.09,171.82125774,1.0979940165427395,0.6016919834572603,84.83101771809206,60.82504260769444,26.16519741421348,145.65606032578648,145.6560603257865,1.2609136542542183,0.4387723457457815,94.97201643842772,44.355496431441054,32.49374487013122,139.32751286986877,139.32751286986877,2024-01-17 20:30:00+00:00,2024-01-17 21:30:00+01:00
2024-01-17T20:45:00Z,2024-01-17T21:45:00+01:00,1.635533,6.5421320000000005,71.946952,101.09,165.33603097000002,1.0979940165427395,0.5375389834572606,84.83101771809206,54.33981583769447,26.16519741421348,139.17083355578654,139.17083355578654,1.2609136542542183,0.3746193457457818,94.97201643842772,37.870269661441085,32.49374487013122,132.8422860998688,132.8422860998688,2024-01-17 20:45:00+00:00,2024-01-17 21:45:00+01:00
2024-01-17T21:00:00Z,2024-01-17T22:00:00+01:00,1.564474,6.257896,69.308431,94.28,147.49860872,1.0979940165427395,0.4664799834572604,84.83101771809206,43.97973284035051,18.68785816155743,128.81075055844258,128.81075055844258,1.2609136542542183,0.3035603457457816,94.97201643842772,28.61966939691229,23.90692288465999,123.59168583534,123.59168583534,2024-01-17 21:00:00+00:00,2024-01-17 22:00:00+01:00
2024-01-17T21:15:00Z,2024-01-17T22:15:00+01:00,1.486957,5.9478279999999994,69.308431,94.28,140.19030596,1.0979940165427395,0.3889629834572603,84.83101771809206,36.671430080350504,18.68785816155743,121.50244779844256,121.50244779844256,1.2609136542542183,0.2260433457457815,94.97201643842772,21.31136663691229,23.90692288465999,116.28338307534,116.28338307534,2024-01-17 21:15:00+00:00,2024-01-17 22:15:00+01:00
2024-01-17T21:30:00Z,2024-01-17T22:30:00+01:00,1.4047740000000002,5.619096000000001,69.308431,94.28,132.44209272000003,1.0979940165427395,0.3067799834572606,84.83101771809206,28.923216840350538,18.68785816155743,113.7542345584426,113.7542345584426,1.2609136542542183,0.1438603457457818,94.97201643842772,13.563153396912316,23.90692288465999,108.53516983534004,108.53516983534004,2024-01-17 21:30:00+00:00,2024-01-17 22:30:00+01:00
2024-01-17T21:45:00Z,2024-01-17T22:45:00+01:00,1.3179809999999998,5.271923999999999,69.308431,94.28,124.25924867999998,1.0979940165427395,0.2199869834572603,84.83101771809206,20.740372800350503,18.68785816155743,105.57139051844256,105.57139051844256,1.2609136542542183,0.0570673457457815,94.97201643842772,5.380309356912283,23.90692288465999,100.35232579534,100.35232579534,2024-01-17 21:45:00+00:00,2024-01-17 22:45:00+01:00
2024-01-17T22:00:00Z,2024-01-17T23:00:00+01:00,1.229759,4.919036,63.919408,84.17,103.50881503,1.0979940165427395,0.1317649834572605,84.83101771809206,11.090658657597617,7.587138654310337,95.92167637568969,95.92167637568969,1.2609136542542183,-0.0311546542542182,94.97201643842772,-2.622287248577551,11.159085840149842,92.34972918985017,92.34972918985017,2024-01-17 22:00:00+00:00,2024-01-17 23:00:00+01:00
2024-01-17T22:15:00Z,2024-01-17T23:15:00+01:00,1.139817,4.559268,63.919408,84.17,95.93839689,1.0979940165427395,0.0418229834572605,84.83101771809206,3.52024051759762,7.587138654310337,88.35125823568967,88.35125823568967,1.2609136542542183,-0.1210966542542182,94.97201643842772,-10.192705388577547,11.159085840149842,84.77931104985016,84.77931104985016,2024-01-17 22:15:00+00:00,2024-01-17 23:15:00+01:00
2024-01-17T22:30:00Z,2024-01-17T23:30:00+01:00,1.050401,4.201604000000001,63.919408,84.17,88.41225217000002,1.0979940165427395,-0.0475930165427394,84.83101771809206,-4.005904202402375,7.587138654310337,80.82511351568968,80.82511351568968,1.2609136542542183,-0.2105126542542181,94.97201643842772,-17.718850108577545,11.159085840149842,77.25316632985017,77.25316632985017,2024-01-17 22:30:00+00:00,2024-01-17 23:30:00+01:00
2024-01-17T22:45:00Z,2024-01-17T23:45:00+01:00,0.96152,3.84608,63.919408,84.17,80.93113840000001,1.0979940165427395,-0.1364740165427395,84.83101771809206,-11.487017972402384,7.587138654310337,73.34399974568967,73.34399974568967,1.2609136542542183,-0.2993936542542182,94.97201643842772,-25.199963878577552,11.159085840149842,69.77205255985017,69.77205255985017,2024-01-17 22:45:00+00:00,2024-01-17 23:45:00+01:00
2024-01-17T23:00:00Z,2024-01-18T00:00:00+01:00,0.8755499999999999,3.5022,59.923133,81.33,71.20848149999999,1.0979940165427395,-0.2224440165427396,84.83101771809206,-18.09137186542101,4.468835647328945,66.73964585267105,66.73964585267105,1.2609136542542183,-0.3853636542542183,94.97201643842772,-31.34162600049558,7.578091062067855,63.630390437932135,63.630390437932135,2024-01-17 23:00:00+00:00,2024-01-18 00:00:00+01:00
2024-01-17T23:15:00Z,2024-01-18T00:15:00+01:00,0.795108,3.180432,59.923133,81.33,64.66613364,1.0979940165427395,-0.3028860165427395,84.83101771809206,-24.633719725421003,4.468835647328945,60.197297992671054,60.197297992671054,1.2609136542542183,-0.4658056542542182,94.97201643842772,-37.88397386049557,7.578091062067855,57.08804257793214,57.08804257793214,2024-01-17 23:15:00+00:00,2024-01-18 00:15:00+01:00
2024-01-17T23:30:00Z,2024-01-18T00:30:00+01:00,0.724642,2.898568,59.923133,81.33,58.93513386,1.0979940165427395,-0.3733520165427395,84.83101771809206,-30.364719505421004,4.468835647328945,54.46629821267105,54.466298212671056,1.2609136542542183,-0.5362716542542183,94.97201643842772,-43.61497364049557,7.578091062067855,51.357042797932145,51.357042797932145,2024-01-17 23:30:00+00:00,2024-01-18 00:30:00+01:00
2024-01-17T23:45:00Z,2024-01-18T00:45:00+01:00,0.6648729999999999,2.6594919999999997,59.923133,81.33,54.07412108999999,1.0979940165427395,-0.4331210165427396,84.83101771809206,-35.22573227542101,4.468835647328945,49.60528544267105,49.60528544267105,1.2609136542542183,-0.5960406542542184,94.97201643842772,-48.47598641049558,7.578091062067855,46.496030027932136,46.496030027932136,2024-01-17 23:45:00+00:00,2024-01-18 00:45:00+01:00
2024-01-18T00:00:00Z,2024-01-18T01:00:00+01:00,0.620193,2.480772,57.305607,77.2,47.8788996,1.0979940165427395,-0.4778010165427395,84.83101771809206,-36.886238477099496,-0.0658796409925628,47.94477924099256,47.94477924099257,1.2609136542542183,-0.6407206542542183,94.97201643842772,-49.463634508425656,2.3705176699979376,45.50838193000206,45.508381930002066,2024-01-18 00:00:00+00:00,2024-01-18 01:00:00+01:00
2024-01-18T00:15:00Z,2024-01-18T01:15:00+01:00,0.5884879999999999,2.3539519999999996,57.305607,77.2,45.4312736,1.0979940165427395,-0.5095060165427396,84.83101771809206,-39.3338644770995,-0.0658796409925628,45.49715324099255,45.49715324099256,1.2609136542542183,-0.6724256542542184,94.97201643842772,-51.91126050842566,2.3705176699979376,43.06075593000205,43.06075593000206,2024-01-18 00:15:00+00:00,2024-01-18 01:15:00+01:00
2024-01-18T00:30:00Z,2024-01-18T01:30:00+01:00,0.567297,2.269188,57.305607,77.2,43.7953284,1.0979940165427395,-0.5306970165427395,84.83101771809206,-40.96980967709949,-0.0658796409925628,43.861208040992565,43.861208040992565,1.2609136542542183,-0.6936166542542183,94.97201643842772,-53.54720570842565,2.3705176699979376,41.424810730002065,41.424810730002065,2024-01-18 00:30:00+00:00,2024-01-18 01:30:00+01:00
2024-01-18T00:45:00Z,2024-01-18T01:45:00+01:00,0.5530339999999999,2.2121359999999997,57.305607,77.2,42.69422479999999,1.0979940165427395,-0.5449600165427396,84.83101771809206,-42.0709132770995,-0.0658796409925628,42.76010444099256,42.76010444099256,1.2609136542542183,-0.7078796542542184,94.97201643842772,-54.64830930842566,2.3705176699979376,40.323707130002056,40.323707130002056,2024-01-18 00:45:00+00:00,2024-01-18 01:45:00+01:00
2024-01-18T01:00:00Z,2024-01-18T02:00:00+01:00,0.543392,2.173568,58.299427,75.29,40.911983680000006,1.0979940165427395,-0.5546020165427396,84.83101771809206,-41.75598582550286,-2.163048212589189,43.075031892589195,43.075031892589195,1.2609136542542183,-0.7175216542542183,94.97201643842772,-54.0222053488001,-0.0378274096276101,40.949811089627616,40.949811089627616,2024-01-18 01:00:00+00:00,2024-01-18 02:00:00+01:00
2024-01-18T01:15:00Z,2024-01-18T02:15:00+01:00,0.536353,2.145412,58.299427,75.29,40.38201737,1.0979940165427395,-0.5616410165427396,84.83101771809206,-42.28595213550287,-2.163048212589189,42.54506558258919,42.54506558258919,1.2609136542542183,-0.7245606542542183,94.97201643842772,-54.552171658800106,-0.0378274096276101,40.41984477962761,40.41984477962761,2024-01-18 01:15:00+00:00,2024-01-18 02:15:00+01:00
2024-01-18T01:30:00Z,2024-01-18T02:30:00+01:00,0.533089,2.132356,58.299427,75.29,40.136270810000006,1.0979940165427395,-0.5649050165427395,84.83101771809206,-42.53169869550286,-2.163048212589189,42.299319022589195,42.299319022589195,1.2609136542542183,-0.7278246542542183,94.97201643842772,-54.7979182188001,-0.0378274096276101,40.174098219627616,40.174098219627616,2024-01-18 01:30:00+00:00,2024-01-18 02:30:00+01:00
2024-01-18T01:45:00Z,2024-01-18T02:45:00+01:00,0.529307,2.117228,58.299427,75.29,39.85152403,1.0979940165427395,-0.5686870165427396,84.83101771809206,-42.81644547550287,-2.163048212589189,42.01457224258919,42.01457224258919,1.2609136542542183,-0.7316066542542183,94.97201643842772,-55.082664998800105,-0.0378274096276101,39.88935143962761,39.88935143962761,2024-01-18 01:45:00+00:00,2024-01-18 02:45:00+01:00
2024-01-18T02:00:00Z,2024-01-18T03:00:00+01:00,0.526061,2.104244,57.29161,74.91,39.40722951,1.0979940165427395,-0.5719330165427395,84.83101771809206,-42.843502269216614,-2.5802859388754342,41.98751544887544,41.987515448875435,1.2609136542542183,-0.7348526542542183,94.97201643842772,-55.04781233018349,-0.5169745982442322,39.924204108244226,39.92420410824423,2024-01-18 02:00:00+00:00,2024-01-18 03:00:00+01:00
2024-01-18T02:15:00Z,2024-01-18T03:15:00+01:00,0.5248,2.0992,57.29161,74.91,39.312768,1.0979940165427395,-0.5731940165427395,84.83101771809206,-42.937963779216616,-2.5802859388754342,41.89305393887544,41.89305393887543,1.2609136542542183,-0.7361136542542183,94.97201643842772,-55.142273840183485,-0.5169745982442322,39.82974259824423,39.82974259824423,2024-01-18 02:15:00+00:00,2024-01-18 03:15:00+01:00
2024-01-18T02:30:00Z,2024-01-18T03:30:00+01:00,0.5235,2.094,57.29161,74.91,39.215385,1.0979940165427395,-0.5744940165427396,84.83101771809206,-43.03534677921662,-2.5802859388754342,41.79567093887544,41.79567093887543,1.2609136542542183,-0.7374136542542183,94.97201643842772,-55.23965684018349,-0.5169745982442322,39.73235959824422,39.73235959824423,2024-01-18 02:30:00+00:00,2024-01-18 03:30:00+01:00
2024-01-18T02:45:00Z,2024-01-18T03:45:00+01:00,0.526432,2.105728,57.29161,74.91,39.43502112,1.0979940165427395,-0.5715620165427395,84.83101771809206,-42.81571065921661,-2.5802859388754342,42.01530705887544,42.01530705887544,1.2609136542542183,-0.7344816542542183,94.97201643842772,-55.02002072018349,-0.5169745982442322,39.95199571824423,39.951995718244234,2024-01-18 02:45:00+00:00,2024-01-18 03:45:00+01:00
2024-01-18T03:00:00Z,2024-01-18T04:00:00+01:00,0.531593,2.126372,57.802518,77.57,41.235669009999995,1.0979940165427395,-0.5664010165427396,84.83101771809206,-43.9357268532203,0.3403781451282412,40.895290864871754,40.895290864871754,1.2609136542542183,-0.7293206542542183,94.97201643842772,-56.57340315049971,2.8370557220719945,38.39861328792801,38.398613287928,2024-01-18 03:00:00+00:00,2024-01-18 04:00:00+01:00
2024-01-18T03:15:00Z,2024-01-18T04:15:00+01:00,0.540623,2.162492,57.802518,77.57,41.93612611,1.0979940165427395,-0.5573710165427396,84.83101771809206,-43.23526975322031,0.3403781451282412,41.59574796487175,41.595747964871755,1.2609136542542183,-0.7202906542542183,94.97201643842772,-55.87294605049971,2.8370557220719945,39.099070387928,39.099070387928,2024-01-18 03:15:00+00:00,2024-01-18 04:15:00+01:00
2024-01-18T03:30:00Z,2024-01-18T04:30:00+01:00,0.550709,2.202836,57.802518,77.57,42.71849713,1.0979940165427395,-0.5472850165427395,84.83101771809206,-42.4528987332203,0.3403781451282412,42.378118984871755,42.378118984871755,1.2609136542542183,-0.7102046542542183,94.97201643842772,-55.09057503049971,2.8370557220719945,39.88144140792801,39.881441407928,2024-01-18 03:30:00+00:00,2024-01-18 04:30:00+01:00
2024-01-18T03:45:00Z,2024-01-18T04:45:00+01:00,0.562233,2.248932,57.802518,77.57,43.61241380999999,1.0979940165427395,-0.5357610165427396,84.83101771809206,-41.558982053220305,0.3403781451282412,43.27203566487175,43.27203566487175,1.2609136542542183,-0.6986806542542183,94.97201643842772,-54.19665835049971,2.8370557220719945,40.775358087928005,40.775358087928,2024-01-18 03:45:00+00:00,2024-01-18 04:45:00+01:00
2024-01-18T04:00:00Z,2024-01-18T05:00:00+01:00,0.575039,2.300156,60.888958,81.0,46.578159,1.0979940165427395,-0.5229550165427396,84.83101771809206,-42.359356339961906,4.106497621869849,42.47166137813015,42.47166137813015,1.2609136542542183,-0.6858746542542183,94.97201643842772,-55.55584699459168,7.161989556163974,39.41616944383603,39.416169443836026,2024-01-18 04:00:00+00:00,2024-01-18 05:00:00+01:00
2024-01-18T04:15:00Z,2024-01-18T05:15:00+01:00,0.6017250000000001,2.4069000000000003,60.888958,81.0,48.73972500000001,1.0979940165427395,-0.4962690165427394,84.83101771809206,-40.1977903399619,4.106497621869849,44.63322737813016,44.63322737813016,1.2609136542542183,-0.6591886542542182,94.97201643842772,-53.394280994591675,7.161989556163974,41.57773544383604,41.57773544383603,2024-01-18 04:15:00+00:00,2024-01-18 05:15:00+01:00
2024-01-18T04:30:00Z,2024-01-18T05:30:00+01:00,0.6552849999999999,2.6211399999999996,60.888958,81.0,53.078084999999994,1.0979940165427395,-0.4427090165427396,84.83101771809206,-35.85943033996191,4.106497621869849,48.971587378130145,48.971587378130145,1.2609136542542183,-0.6056286542542184,94.97201643842772,-49.055920994591695,7.161989556163974,45.91609544383602,45.91609544383602,2024-01-18 04:30:00+00:00,2024-01-18 05:30:00+01:00
2024-01-18T04:45:00Z,2024-01-18T05:45:00+01:00,0.749026,2.996104,60.888958,81.0,60.671105999999995,1.0979940165427395,-0.3489680165427395,84.83101771809206,-28.266409339961903,4.106497621869849,56.56460837813015,56.564608378130146,1.2609136542542183,-0.5118876542542183,94.97201643842772,-41.46289999459169,7.161989556163974,53.50911644383603,53.50911644383602,2024-01-18 04:45:00+00:00,2024-01-18 05:45:00+01:00
2024-01-18T05:00:00Z,2024-01-18T06:00:00+01:00,0.890415,3.56166,70.449224,91.44,81.41954759999999,1.0979940165427395,-0.2075790165427395,84.83101771809206,-18.981025272668106,15.56955515457605,65.84999244542395,65.84999244542394,1.2609136542542183,-0.3704986542542183,94.97201643842772,-33.878396945005726,20.325928106578004,61.09361949342199,61.09361949342198,2024-01-18 05:00:00+00:00,2024-01-18 06:00:00+01:00
2024-01-18T05:15:00Z,2024-01-18T06:15:00+01:00,1.062948,4.251792,70.449224,91.44,97.19596512,1.0979940165427395,-0.0350460165427395,84.83101771809206,-3.2046077526681027,15.56955515457605,81.62640996542396,81.62640996542395,1.2609136542542183,-0.1979656542542183,94.97201643842772,-18.10197942500572,20.325928106578004,76.87003701342199,76.87003701342199,2024-01-18 05:15:00+00:00,2024-01-18 06:15:00+01:00
2024-01-18T05:30:00Z,2024-01-18T06:30:00+01:00,1.2427069999999998,4.970827999999999,70.449224,91.44,113.63312807999998,1.0979940165427395,0.1447129834572602,84.83101771809206,13.232555207331878,15.56955515457605,98.06357292542393,98.06357292542393,1.2609136542542183,-0.0182066542542185,94.97201643842772,-1.6648164650057418,20.325928106578004,93.30719997342196,93.30719997342196,2024-01-18 05:30:00+00:00,2024-01-18 06:30:00+01:00
2024-01-18T05:45:00Z,2024-01-18T06:45:00+01:00,1.406686,5.6267439999999995,70.449224,91.44,128.62736783999998,1.0979940165427395,0.3086919834572603,84.83101771809206,28.226794967331884,15.56955515457605,113.05781268542394,113.05781268542393,1.2609136542542183,0.1457723457457815,94.97201643842772,13.329423294994267,20.325928106578004,108.301439733422,108.30143973342196,2024-01-18 05:45:00+00:00,2024-01-18 06:45:00+01:00
2024-01-18T06:00:00Z,2024-01-18T07:00:00+01:00,1.536504,6.146016,83.473862,111.55,171.3970212,1.0979940165427395,0.4385099834572605,84.83101771809206,48.91578865465741,37.65021482725054,133.74680637274946,133.74680637274946,1.2609136542542183,0.2755903457457818,94.97201643842772,30.74210306794196,45.68290169363033,125.71411950636968,125.71411950636968,2024-01-18 06:00:00+00:00,2024-01-18 07:00:00+01:00
2024-01-18T06:15:00Z,2024-01-18T07:15:00+01:00,1.635101,6.5404040000000006,83.473862,111.55,182.39551655,1.0979940165427395,0.5371069834572606,84.83101771809206,59.91428400465742,37.65021482725054,144.74530172274947,144.7453017227495,1.2609136542542183,0.3741873457457818,94.97201643842772,41.74059841794196,45.68290169363033,136.71261485636967,136.7126148563697,2024-01-18 06:15:00+00:00,2024-01-18 07:15:00+01:00
2024-01-18T06:30:00Z,2024-01-18T07:30:00+01:00,1.709156,6.836624,83.473862,111.55,190.6563518,1.0979940165427395,0.6111619834572604,84.83101771809206,68.17511925465739,37.65021482725054,153.00613697274946,153.00613697274946,1.2609136542542183,0.4482423457457816,94.97201643842772,50.00143366794193,45.68290169363033,144.97345010636965,144.97345010636965,2024-01-18 06:30:00+00:00,2024-01-18 07:30:00+01:00
2024-01-18T06:45:00Z,2024-01-18T07:45:00+01:00,1.766193,7.064772,83.473862,111.55,197.01882915,1.0979940165427395,0.6681989834572604,84.83101771809206,74.5375966046574,37.65021482725054,159.3686143227495,159.3686143227495,1.2609136542542183,0.5052793457457816,94.97201643842772,56.36391101794194,45.68290169363033,151.33592745636966,151.33592745636966,2024-01-18 06:45:00+00:00,2024-01-18 07:45:00+01:00
2024-01-18T07:00:00Z,2024-01-18T08:00:00+01:00,1.812661,7.250644,97.532734,125.89,228.19589329,1.5691057262325816,0.2435552737674184,125.6292917772324,30.66117341458031,71.90542809818731,156.2904651918127,156.2904651918127,1.8436576216687932,-0.0309966216687931,146.6497514687522,-3.902164701884367,85.44830652313217,142.74758676686784,142.74758676686784,2024-01-18 07:00:00+00:00,2024-01-18 08:00:00+01:00
2024-01-18T07:15:00Z,2024-01-18T08:15:00+01:00,1.8474109999999997,7.389643999999999,97.532734,125.89,232.57057078999995,1.5691057262325816,0.2783052737674181,125.6292917772324,35.035850914580266,71.90542809818731,160.66514269181266,160.66514269181263,1.8436576216687932,0.0037533783312064,146.6497514687522,0.4725127981155838,85.44830652313217,147.1222642668678,147.12226426686777,2024-01-18 07:15:00+00:00,2024-01-18 08:15:00+01:00
2024-01-18T07:30:00Z,2024-01-18T08:30:00+01:00,1.865998,7.463992,97.532734,125.89,234.91048822,1.5691057262325816,0.2968922737674184,125.6292917772324,37.37576834458031,71.90542809818731,163.0050601218127,163.0050601218127,1.8436576216687932,0.0223403783312068,146.6497514687522,2.812430228115628,85.44830652313217,149.46218169686784,149.46218169686784,2024-01-18 07:30:00+00:00,2024-01-18 08:30:00+01:00
2024-01-18T07:45:00Z,2024-01-18T08:45:00+01:00,1.866891,7.467563999999999,97.532734,125.89,235.02290799,1.5691057262325816,0.2977852737674182,125.6292917772324,37.48818811458028,71.90542809818731,163.11747989181268,163.11747989181268,1.8436576216687932,0.0232333783312066,146.6497514687522,2.9248499981156044,85.44830652313217,149.57460146686782,149.57460146686782,2024-01-18 07:45:00+00:00,2024-01-18 08:45:00+01:00
2024-01-18T08:00:00Z,2024-01-18T09:00:00+01:00,1.847507,7.390028000000001,94.677213,122.17,225.70993019,1.5691057262325816,0.2784012737674186,125.6292917772324,34.01228361616553,66.06835479660211,159.64157539339794,159.64157539339791,1.8436576216687932,0.003849378331207,146.6497514687522,0.4702785507235617,78.58990017052426,147.12003001947576,147.12003001947576,2024-01-18 08:00:00+00:00,2024-01-18 09:00:00+01:00
2024-01-18T08:15:00Z,2024-01-18T09:15:00+01:00,1.8157109999999996,7.2628439999999985,94.677213,122.17,221.82541286999995,1.5691057262325816,0.246605273767418,125.6292917772324,30.12776629616546,66.06835479660211,155.75705807339784,155.75705807339784,1.8436576216687932,-0.0279466216687935,146.6497514687522,-3.414238769276512,78.58990017052426,143.2355126994757,143.2355126994757,2024-01-18 08:15:00+00:00,2024-01-18 09:15:00+01:00
2024-01-18T08:30:00Z,2024-01-18T09:30:00+01:00,1.7769070000000002,7.107628000000001,94.677213,122.17,217.08472819,1.5691057262325816,0.2078012737674186,125.6292917772324,25.387081616165535,66.06835479660211,151.01637339339794,151.0163733933979,1.8436576216687932,-0.0667506216687929,146.6497514687522,-8.154923449276438,78.58990017052426,138.4948280194758,138.49482801947576,2024-01-18 08:30:00+00:00,2024-01-18 09:30:00+01:00
2024-01-18T08:45:00Z,2024-01-18T09:45:00+01:00,1.7423349999999995,6.969339999999999,94.677213,122.17,212.86106695,1.5691057262325816,0.1732292737674181,125.6292917772324,21.163420376165476,66.06835479660211,146.79271215339787,146.79271215339787,1.8436576216687932,-0.1013226216687934,146.6497514687522,-12.378584689276495,78.58990017052426,134.27116677947572,134.27116677947572,2024-01-18 08:45:00+00:00,2024-01-18 09:45:00+01:00
2024-01-18T09:00:00Z,2024-01-18T10:00:00+01:00,1.717348,6.8693919999999995,89.13676,110.9,190.4538932,1.5691057262325816,0.1482422737674182,125.6292917772324,16.44006816080669,48.38453326196091,142.0693599380391,142.06935993803907,1.8436576216687932,-0.1263096216687933,146.6497514687522,-14.007737043069184,57.811878774316966,132.64201442568304,132.64201442568302,2024-01-18 09:00:00+00:00,2024-01-18 10:00:00+01:00
2024-01-18T09:15:00Z,2024-01-18T10:15:00+01:00,1.701277,6.805108,89.13676,110.9,188.6716193,1.5691057262325816,0.1321712737674183,125.6292917772324,14.657794260806693,48.38453326196091,140.2870860380391,140.2870860380391,1.8436576216687932,-0.1423806216687932,146.6497514687522,-15.790010943069175,57.811878774316966,130.85974052568304,130.85974052568304,2024-01-18 09:15:00+00:00,2024-01-18 10:15:00+01:00
2024-01-18T09:30:00Z,2024-01-18T10:30:00+01:00,1.6940340000000005,6.776136000000001,89.13676,110.9,187.86837060000005,1.5691057262325816,0.1249282737674186,125.6292917772324,13.85454556080673,48.38453326196091,139.48383733803914,139.48383733803914,1.8436576216687932,-0.1496236216687929,146.6497514687522,-16.59325964306914,57.811878774316966,130.05649182568308,130.05649182568308,2024-01-18 09:30:00+00:00,2024-01-18 10:30:00+01:00
2024-01-18T09:45:00Z,2024-01-18T10:45:00+01:00,1.695566,6.7822640000000005,89.13676,110.9,188.0382694,1.5691057262325816,0.1264602737674185,125.6292917772324,14.024444360806717,48.38453326196091,139.6537361380391,139.6537361380391,1.8436576216687932,-0.148091621668793,146.6497514687522,-16.423360843069155,57.811878774316966,130.22639062568305,130.22639062568305,2024-01-18 09:45:00+00:00,2024-01-18 10:45:00+01:00
2024-01-18T10:00:00Z,2024-01-18T11:00:00+01:00,1.70415,6.8166,88.14289,107.95,183.9629925,1.5691057262325816,0.1350442737674184,125.6292917772324,14.578029353192823,43.7556713695748,140.2073211304252,140.2073211304252,1.8436576216687932,-0.1395076216687931,146.6497514687522,-15.05984775914622,52.37308879039401,131.589903709606,131.589903709606,2024-01-18 10:00:00+00:00,2024-01-18 11:00:00+01:00
2024-01-18T10:15:00Z,2024-01-18T11:15:00+01:00,1.7185480000000002,6.874192000000001,88.14289,107.95,185.5172566,1.5691057262325816,0.1494422737674186,125.6292917772324,16.132293453192837,43.7556713695748,141.76158523042525,141.76158523042525,1.8436576216687932,-0.125109621668793,146.6497514687522,-13.505583659146208,52.37308879039401,133.14416780960602,133.14416780960602,2024-01-18 10:15:00+00:00,2024-01-18 11:15:00+01:00
2024-01-18T10:30:00Z,2024-01-18T11:30:00+01:00,1.7394490000000002,6.957796000000001,88.14289,107.95,187.77351955000003,1.5691057262325816,0.1703432737674186,125.6292917772324,18.388556403192844,43.7556713695748,144.01784818042523,144.01784818042523,1.8436576216687932,-0.1042086216687929,146.6497514687522,-11.2493207091462,52.37308879039401,135.40043075960602,135.40043075960602,2024-01-18 10:30:00+00:00,2024-01-18 11:30:00+01:00
2024-01-18T10:45:00Z,2024-01-18T11:45:00+01:00,1.7670950000000003,7.068380000000001,88.14289,107.95,190.75790525000005,1.5691057262325816,0.1979892737674187,125.6292917772324,21.372942103192848,43.7556713695748,147.00223388042525,147.00223388042525,1.8436576216687932,-0.0765626216687929,146.6497514687522,-8.264935009146194,52.37308879039401,138.384816459606,138.38481645960604,2024-01-18 10:45:00+00:00,2024-01-18 11:45:00+01:00
2024-01-18T11:00:00Z,2024-01-18T12:00:00+01:00,1.799321,7.197284,88.780747,93.55,168.32647955,1.5691057262325816,0.2302152737674183,125.6292917772324,21.536638860941984,21.1605489118256,147.1659306381744,147.1659306381744,1.8436576216687932,-0.0443366216687932,146.6497514687522,-4.14769095711561,25.824419038363377,142.5020605116366,142.5020605116366,2024-01-18 11:00:00+00:00,2024-01-18 12:00:00+01:00
2024-01-18T11:15:00Z,2024-01-18T12:15:00+01:00,1.829146,7.316584,88.780747,93.55,171.1166083,1.5691057262325816,0.2600402737674183,125.6292917772324,24.326767610941985,21.1605489118256,149.95605938817437,149.9560593881744,1.8436576216687932,-0.0145116216687932,146.6497514687522,-1.3575622071156106,25.824419038363377,145.2921892616366,145.29218926163662,2024-01-18 11:15:00+00:00,2024-01-18 12:15:00+01:00
2024-01-18T11:30:00Z,2024-01-18T12:30:00+01:00,1.84721,7.38884,88.780747,93.55,172.80649549999998,1.5691057262325816,0.2781042737674184,125.6292917772324,26.016654810941994,21.1605489118256,151.64594658817438,151.64594658817438,1.8436576216687932,0.0035523783312068,146.6497514687522,0.3323249928843967,25.824419038363377,146.9820764616366,146.9820764616366,2024-01-18 11:30:00+00:00,2024-01-18 12:30:00+01:00
2024-01-18T11:45:00Z,2024-01-18T12:45:00+01:00,1.8471889999999995,7.388755999999999,88.780747,93.55,172.80453094999996,1.5691057262325816,0.2780832737674181,125.6292917772324,26.01469026094197,21.1605489118256,151.64398203817436,151.64398203817436,1.8436576216687932,0.0035313783312065,146.6497514687522,0.3303604428843714,25.824419038363377,146.98011191163658,146.98011191163658,2024-01-18 11:45:00+00:00,2024-01-18 12:45:00+01:00
2024-01-18T12:00:00Z,2024-01-18T13:00:00+01:00,1.822468,7.289872,83.544389,87.62,159.68464616,1.5691057262325816,0.2533622737674184,125.6292917772324,22.1996024275012,11.855751955266411,147.8288942047336,147.8288942047336,1.8436576216687932,-0.0211896216687932,146.6497514687522,-1.8566346506196632,14.891529341867454,144.79311681813255,144.79311681813255,2024-01-18 12:00:00+00:00,2024-01-18 13:00:00+01:00
2024-01-18T12:15:00Z,2024-01-18T13:15:00+01:00,1.779651,7.1186039999999995,83.544389,87.62,155.93302062,1.5691057262325816,0.2105452737674182,125.6292917772324,18.44797688750119,11.855751955266411,144.0772686647336,144.0772686647336,1.8436576216687932,-0.0640066216687933,146.6497514687522,-5.6082601906196725,14.891529341867454,141.04149127813255,141.04149127813255,2024-01-18 12:15:00+00:00,2024-01-18 13:15:00+01:00
2024-01-18T12:30:00Z,2024-01-18T13:30:00+01:00,1.726771,6.907084,83.544389,87.62,151.29967502000002,1.5691057262325816,0.1576652737674184,125.6292917772324,13.814631287501204,11.855751955266411,139.4439230647336,139.4439230647336,1.8436576216687932,-0.1168866216687931,146.6497514687522,-10.241605790619657,14.891529341867454,136.40814567813257,136.40814567813257,2024-01-18 12:30:00+00:00,2024-01-18 13:30:00+01:00
2024-01-18T12:45:00Z,2024-01-18T13:45:00+01:00,1.6743310000000002,6.697324000000001,83.544389,87.62,146.70488222000003,1.5691057262325816,0.1052252737674186,125.6292917772324,9.21983848750122,11.855751955266411,134.84913026473362,134.84913026473362,1.8436576216687932,-0.1693266216687929,146.6497514687522,-14.83639859061964,14.891529341867454,131.81335287813258,131.81335287813258,2024-01-18 12:45:00+00:00,2024-01-18 13:45:00+01:00
2024-01-18T13:00:00Z,2024-01-18T14:00:00+01:00,1.6281850000000002,6.512740000000001,83.069704,86.43,140.72402955000004,1.5691057262325816,0.0590792737674186,125.6292917772324,5.106221631717991,9.988516141049644,130.7355134089504,130.7355134089504,1.8436576216687932,-0.215472621668793,146.6497514687522,-18.62329869083378,12.69757677208159,128.02645277791842,128.02645277791845,2024-01-18 13:00:00+00:00,2024-01-18 14:00:00+01:00
2024-01-18T13:15:00Z,2024-01-18T14:15:00+01:00,1.590281,6.361124,83.069704,86.43,137.44798683000002,1.5691057262325816,0.0211752737674184,125.6292917772324,1.8301789117179776,9.988516141049644,127.45947068895038,127.45947068895038,1.8436576216687932,-0.2533766216687931,146.6497514687522,-21.899341410833795,12.69757677208159,124.75041005791842,124.75041005791844,2024-01-18 13:15:00+00:00,2024-01-18 14:15:00+01:00
2024-01-18T13:30:00Z,2024-01-18T14:30:00+01:00,1.559193,6.236772,83.069704,86.43,134.76105099,1.5691057262325816,-0.0099127262325815,125.6292917772324,-0.8567569282820232,9.988516141049644,124.77253484895036,124.77253484895036,1.8436576216687932,-0.2844646216687931,146.6497514687522,-24.586277250833795,12.69757677208159,122.0634742179184,122.0634742179184,2024-01-18 13:30:00+00:00,2024-01-18 14:30:00+01:00
2024-01-18T13:45:00Z,2024-01-18T14:45:00+01:00,1.5321070000000003,6.128428000000001,83.069704,86.43,132.42000801000003,1.5691057262325816,-0.0369987262325812,125.6292917772324,-3.1977999082819992,9.988516141049644,122.4314918689504,122.4314918689504,1.8436576216687932,-0.3115506216687929,146.6497514687522,-26.92732023083377,12.69757677208159,119.72243123791844,119.72243123791844,2024-01-18 13:45:00+00:00,2024-01-18 14:45:00+01:00
2024-01-18T14:00:00Z,2024-01-18T15:00:00+01:00,1.509529,6.038116,82.66919,94.25,142.27310824999998,1.5691057262325816,-0.0595767262325817,125.6292917772324,-5.615106447420826,22.25892292018841,120.01418532981155,120.01418532981155,1.8436576216687932,-0.3341286216687933,146.6497514687522,-31.49162259228377,27.11497937353155,115.15812887646844,115.15812887646842,2024-01-18 14:00:00+00:00,2024-01-18 15:00:00+01:00
2024-01-18T14:15:00Z,2024-01-18T15:15:00+01:00,1.49227,5.96908,82.66919,94.25,140.6464475,1.5691057262325816,-0.0768357262325816,125.6292917772324,-7.241767197420817,22.25892292018841,118.38752457981158,118.38752457981158,1.8436576216687932,-0.3513876216687932,146.6497514687522,-33.11828334228376,27.11497937353155,113.53146812646844,113.53146812646844,2024-01-18 14:15:00+00:00,2024-01-18 15:15:00+01:00
2024-01-18T14:30:00Z,2024-01-18T15:30:00+01:00,1.4789709999999998,5.915883999999999,82.66919,94.25,139.39301675,1.5691057262325816,-0.0901347262325817,125.6292917772324,-8.495197947420833,22.25892292018841,117.13409382981156,117.13409382981158,1.8436576216687932,-0.3646866216687934,146.6497514687522,-34.371714092283774,27.11497937353155,112.27803737646845,112.27803737646845,2024-01-18 14:30:00+00:00,2024-01-18 15:30:00+01:00
2024-01-18T14:45:00Z,2024-01-18T15:45:00+01:00,1.473545,5.89418,82.66919,94.25,138.88161625,1.5691057262325816,-0.0955607262325815,125.6292917772324,-9.006598447420807,22.25892292018841,116.6226933298116,116.6226933298116,1.8436576216687932,-0.3701126216687931,146.6497514687522,-34.88311459228375,27.11497937353155,111.76663687646844,111.76663687646844,2024-01-18 14:45:00+00:00,2024-01-18 15:45:00+01:00
2024-01-18T15:00:00Z,2024-01-18T16:00:00+01:00,1.47497,5.8998800000000005,84.04874,99.52,146.7890144,1.5691057262325816,-0.0941357262325814,125.6292917772324,-9.368387474666507,30.52811009743411,116.26090430256588,116.2609043025659,1.8436576216687932,-0.3686876216687931,146.6497514687522,-36.69179210847829,36.83105503972607,109.95795936027392,109.95795936027396,2024-01-18 15:00:00+00:00,2024-01-18 16:00:00+01:00
2024-01-18T15:15:00Z,2024-01-18T16:15:00+01:00,1.488065,5.95226,84.04874,99.52,148.0922288,1.5691057262325816,-0.0810407262325816,125.6292917772324,-8.065173074666523,30.52811009743411,117.56411870256588,117.56411870256588,1.8436576216687932,-0.3555926216687932,146.6497514687522,-35.3885777084783,36.83105503972607,111.26117376027392,111.26117376027392,2024-01-18 15:15:00+00:00,2024-01-18 16:15:00+01:00
2024-01-18T15:30:00Z,2024-01-18T16:30:00+01:00,1.516864,6.067456,84.04874,99.52,150.95830528,1.5691057262325816,-0.0522417262325816,125.6292917772324,-5.199096594666521,30.52811009743411,120.43019518256588,120.43019518256588,1.8436576216687932,-0.3267936216687932,146.6497514687522,-32.5225012284783,36.83105503972607,114.12725024027392,114.12725024027392,2024-01-18 15:30:00+00:00,2024-01-18 16:30:00+01:00
2024-01-18T15:45:00Z,2024-01-18T16:45:00+01:00,1.5687220000000002,6.274888000000001,84.04874,99.52,156.11921344,1.5691057262325816,-0.0003837262325814,125.6292917772324,-0.0381884346665036,30.52811009743411,125.59110334256587,125.5911033425659,1.8436576216687932,-0.274935621668793,146.6497514687522,-27.36159306847828,36.83105503972607,119.28815840027391,119.28815840027394,2024-01-18 15:45:00+00:00,2024-01-18 16:45:00+01:00
2024-01-18T16:00:00Z,2024-01-18T17:00:00+01:00,1.64371,6.57484,91.903278,104.68,172.0635628,1.5691057262325816,0.0746042737674184,125.6292917772324,7.809575377973359,38.62469564479426,133.43886715520574,133.43886715520574,1.8436576216687932,-0.1999476216687932,146.6497514687522,-20.93051703628927,46.34432836753706,125.71923443246294,125.71923443246294,2024-01-18 16:00:00+00:00,2024-01-18 17:00:00+01:00
2024-01-18T16:15:00Z,2024-01-18T17:15:00+01:00,1.737051,6.9482040000000005,91.903278,104.68,181.83449868,1.5691057262325816,0.1679452737674185,125.6292917772324,17.580511257973374,38.62469564479426,143.20980303520577,143.20980303520577,1.8436576216687932,-0.106606621668793,146.6497514687522,-11.159581156289262,46.34432836753706,135.49017031246296,135.49017031246296,2024-01-18 16:15:00+00:00,2024-01-18 17:15:00+01:00
2024-01-18T16:30:00Z,2024-01-18T17:30:00+01:00,1.841485,7.36594,91.903278,104.68,192.7666498,1.5691057262325816,0.2723792737674184,125.6292917772324,28.512662377973363,38.62469564479426,154.14195415520575,154.14195415520575,1.8436576216687932,-0.0021726216687931,146.6497514687522,-0.2274300362892694,46.34432836753706,146.42232143246295,146.42232143246295,2024-01-18 16:30:00+00:00,2024-01-18 17:30:00+01:00
2024-01-18T16:45:00Z,2024-01-18T17:45:00+01:00,1.94924,7.79696,91.903278,104.68,204.04644320000003,1.5691057262325816,0.3801342737674185,125.6292917772324,39.792455777973366,38.62469564479426,165.42174755520577,165.42174755520577,1.8436576216687932,0.1055823783312068,146.6497514687522,11.052363363710736,46.34432836753706,157.70211483246294,157.70211483246297,2024-01-18 16:45:00+00:00,2024-01-18 17:45:00+01:00
2024-01-18T17:00:00Z,2024-01-18T18:00:00+01:00,2.053649,8.214596,92.422463,103.26,212.05979574000003,1.5691057262325816,0.4845432737674184,125.6292917772324,50.03393844922363,36.396565513543976,175.66323022645602,175.66323022645605,1.8436576216687932,0.2099913783312068,146.6497514687522,21.68370972648042,43.72633454476738,168.33346119523264,168.33346119523264,2024-01-18 17:00:00+00:00,2024-01-18 18:00:00+01:00
2024-01-18T17:15:00Z,2024-01-18T18:15:00+01:00,2.148621,8.594484,92.422463,103.26,221.86660446,1.5691057262325816,0.5795152737674183,125.6292917772324,59.84074716922362,36.396565513543976,185.470038946456,185.470038946456,1.8436576216687932,0.3049633783312067,146.6497514687522,31.490518446480404,43.72633454476738,178.1402699152326,178.1402699152326,2024-01-18 17:15:00+00:00,2024-01-18 18:15:00+01:00
2024-01-18T17:30:00Z,2024-01-18T18:30:00+01:00,2.230665,8.92266,92.422463,103.26,230.3384679,1.5691057262325816,0.6615592737674185,125.6292917772324,68.31261060922364,36.396565513543976,193.94190238645604,193.94190238645604,1.8436576216687932,0.3870073783312069,146.6497514687522,39.96238188648043,43.72633454476738,186.61213335523263,186.61213335523263,2024-01-18 17:30:00+00:00,2024-01-18 18:30:00+01:00
2024-01-18T17:45:00Z,2024-01-18T18:45:00+01:00,2.296785,9.18714,92.422463,103.26,237.1660191,1.5691057262325816,0.7276792737674183,125.6292917772324,75.14016180922361,36.396565513543976,200.769453586456,200.769453586456,1.8436576216687932,0.4531273783312066,146.6497514687522,46.7899330864804,43.72633454476738,193.43968455523265,193.43968455523265,2024-01-18 17:45:00+00:00,2024-01-18 18:45:00+01:00
2024-01-18T18:00:00Z,2024-01-18T19:00:00+01:00,2.342379,9.369516,88.231893,94.53,221.42508687000003,1.5691057262325816,0.7732732737674186,125.6292917772324,73.09752256923409,22.698272523533547,198.72681434646648,198.72681434646648,1.8436576216687932,0.498721378331207,146.6497514687522,47.14413189364899,27.6312035075988,193.7938833624012,193.79388336240123,2024-01-18 18:00:00+00:00,2024-01-18 19:00:00+01:00
2024-01-18T18:15:00Z,2024-01-18T19:15:00+01:00,2.363257,9.453028,88.231893,94.53,223.39868421,1.5691057262325816,0.7941512737674183,125.6292917772324,75.07111990923406,22.698272523533547,200.70041168646645,200.70041168646645,1.8436576216687932,0.5195993783312067,146.6497514687522,49.11772923364897,27.6312035075988,195.7674807024012,195.7674807024012,2024-01-18 18:15:00+00:00,2024-01-18 19:15:00+01:00
2024-01-18T18:30:00Z,2024-01-18T19:30:00+01:00,2.354216,9.416864,88.231893,94.53,222.54403848,1.5691057262325816,0.7851102737674185,125.6292917772324,74.21647417923407,22.698272523533547,199.8457659564665,199.8457659564665,1.8436576216687932,0.5105583783312069,146.6497514687522,48.263083503648986,27.6312035075988,194.9128349724012,194.9128349724012,2024-01-18 18:30:00+00:00,2024-01-18 19:30:00+01:00
2024-01-18T18:45:00Z,2024-01-18T19:45:00+01:00,2.310804,9.243216,88.231893,94.53,218.44030212,1.5691057262325816,0.7416982737674185,125.6292917772324,70.11273781923407,22.698272523533547,195.74202959646647,195.74202959646647,1.8436576216687932,0.4671463783312068,146.6497514687522,44.159347143648986,27.6312035075988,190.8090986124012,190.8090986124012,2024-01-18 18:45:00+00:00,2024-01-18 19:45:00+01:00
2024-01-18T19:00:00Z,2024-01-18T20:00:00+01:00,2.233373,8.933492,76.468132,86.97,194.23644981,1.0979940165427395,1.1353789834572603,84.83101771809206,98.74391019127792,10.661521900630008,183.57492790937,183.57492790937,1.2609136542542183,0.9724593457457816,94.97201643842772,84.57478929951061,14.689644072061654,179.5468057379383,179.5468057379383,2024-01-18 19:00:00+00:00,2024-01-18 20:00:00+01:00
2024-01-18T19:15:00Z,2024-01-18T20:15:00+01:00,2.1314430000000004,8.525772000000002,76.468132,86.97,185.37159771000003,1.0979940165427395,1.0334489834572609,84.83101771809206,89.87905809127798,10.661521900630008,174.71007580937004,174.71007580937004,1.2609136542542183,0.8705293457457821,94.97201643842772,75.70993719951066,14.689644072061654,170.68195363793836,170.68195363793836,2024-01-18 19:15:00+00:00,2024-01-18 20:15:00+01:00
2024-01-18T19:30:00Z,2024-01-18T20:30:00+01:00,2.021628,8.086512,76.468132,86.97,175.82098716000002,1.0979940165427395,0.9236339834572608,84.83101771809206,80.32844754127795,10.661521900630008,165.15946525937,165.15946525937,1.2609136542542183,0.7607143457457819,94.97201643842772,66.15932664951065,14.689644072061654,161.13134308793838,161.13134308793838,2024-01-18 19:30:00+00:00,2024-01-18 20:30:00+01:00
2024-01-18T19:45:00Z,2024-01-18T20:45:00+01:00,1.918356,7.673424000000001,76.468132,86.97,166.83942132,1.0979940165427395,0.8203619834572606,84.83101771809206,71.34688170127795,10.661521900630008,156.17789941937002,156.17789941937002,1.2609136542542183,0.6574423457457819,94.97201643842772,57.17776080951064,14.689644072061654,152.14977724793837,152.14977724793837,2024-01-18 19:45:00+00:00,2024-01-18 20:45:00+01:00
2024-01-18T20:00:00Z,2024-01-18T21:00:00+01:00,1.833471,7.333883999999999,71.946952,83.12,152.39810952,1.0979940165427395,0.7354769834572603,84.83101771809206,61.13284686496748,6.434244936940459,145.96386458305955,145.96386458305955,1.2609136542542183,0.5725573457457815,94.97201643842772,47.59096657838936,9.83512650318292,142.56298301681707,142.56298301681707,2024-01-18 20:00:00+00:00,2024-01-18 21:00:00+01:00
2024-01-18T20:15:00Z,2024-01-18T21:15:00+01:00,1.763025,7.0521,71.946952,83.12,146.542638,1.0979940165427395,0.6650309834572605,84.83101771809206,55.277375344967496,6.434244936940459,140.10839306305957,140.10839306305957,1.2609136542542183,0.5021113457457818,94.97201643842772,41.73549505838938,9.83512650318292,136.7075114968171,136.7075114968171,2024-01-18 20:15:00+00:00,2024-01-18 21:15:00+01:00
2024-01-18T20:30:00Z,2024-01-18T21:30:00+01:00,1.6995809999999998,6.798323999999999,71.946952,83.12,141.26917272,1.0979940165427395,0.6015869834572602,84.83101771809206,50.00391006496748,6.434244936940459,134.83492778305953,134.83492778305953,1.2609136542542183,0.4386673457457815,94.97201643842772,36.46202977838936,9.83512650318292,131.43404621681708,131.43404621681708,2024-01-18 20:30:00+00:00,2024-01-18 21:30:00+01:00
2024-01-18T20:45:00Z,2024-01-18T21:45:00+01:00,1.635463,6.541852,71.946952,83.12,135.93968456000002,1.0979940165427395,0.5374689834572606,84.83101771809206,44.6744219049675,6.434244936940459,129.50543962305954,129.50543962305954,1.2609136542542183,0.3745493457457818,94.97201643842772,31.132541618389386,9.83512650318292,126.1045580568171,126.1045580568171,2024-01-18 20:45:00+00:00,2024-01-18 21:45:00+01:00
2024-01-18T21:00:00Z,2024-01-18T22:00:00+01:00,1.564404,6.2576160000000005,69.308431,80.93,126.60721572000004,1.0979940165427395,0.4664099834572606,84.83101771809206,37.746559961196105,4.029638040711859,122.57757767928815,122.57757767928815,1.2609136542542183,0.3034903457457818,94.97201643842772,24.561473681206124,7.073725600366174,119.53349011963384,119.53349011963384,2024-01-18 21:00:00+00:00,2024-01-18 22:00:00+01:00
2024-01-18T21:15:00Z,2024-01-18T22:15:00+01:00,1.4868869999999998,5.947547999999999,69.308431,80.93,120.33376491,1.0979940165427395,0.3888929834572603,84.83101771809206,31.47310915119608,4.029638040711859,116.30412686928814,116.30412686928814,1.2609136542542183,0.2259733457457815,94.97201643842772,18.288022871206103,7.073725600366174,113.2600393096338,113.26003930963384,2024-01-18 21:15:00+00:00,2024-01-18 22:15:00+01:00
2024-01-18T21:30:00Z,2024-01-18T22:30:00+01:00,1.404704,5.618816,69.308431,80.93,113.68269472,1.0979940165427395,0.3067099834572604,84.83101771809206,24.82203896119609,4.029638040711859,109.65305667928814,109.65305667928814,1.2609136542542183,0.1437903457457816,94.97201643842772,11.63695268120611,7.073725600366174,106.60896911963384,106.60896911963384,2024-01-18 21:30:00+00:00,2024-01-18 22:30:00+01:00
2024-01-18T21:45:00Z,2024-01-18T22:45:00+01:00,1.3179109999999998,5.271643999999999,69.308431,80.93,106.65853723,1.0979940165427395,0.2199169834572603,84.83101771809206,17.797881471196078,4.029638040711859,102.62889918928812,102.62889918928812,1.2609136542542183,0.0569973457457815,94.97201643842772,4.612795191206099,7.073725600366174,99.58481162963382,99.58481162963382,2024-01-18 21:45:00+00:00,2024-01-18 22:45:00+01:00
2024-01-18T22:00:00Z,2024-01-18T23:00:00+01:00,1.229689,4.918756,63.919408,73.61,90.51740729,1.0979940165427395,0.1316949834572605,84.83101771809206,9.694067732288945,-4.007678160381005,94.525085450381,94.525085450381,1.2609136542542183,-0.0312246542542182,94.97201643842772,-2.298446799653007,-2.1561623487747,92.67356963877472,92.67356963877472,2024-01-18 22:00:00+00:00,2024-01-18 23:00:00+01:00
2024-01-18T22:15:00Z,2024-01-18T23:15:00+01:00,1.139782,4.559128,63.919408,73.61,83.89935302,1.0979940165427395,0.0417879834572605,84.83101771809206,3.076013462288948,-4.007678160381005,87.90703118038101,87.90703118038101,1.2609136542542183,-0.1211316542542182,94.97201643842772,-8.916501069653004,-2.1561623487747,86.0555153687747,86.0555153687747,2024-01-18 22:15:00+00:00,2024-01-18 23:15:00+01:00
2024-01-18T22:30:00Z,2024-01-18T23:30:00+01:00,1.050331,4.201324,63.919408,73.61,77.31486491,1.0979940165427395,-0.0476630165427396,84.83101771809206,-3.5084746477110644,-4.007678160381005,81.32254307038099,81.322543070381,1.2609136542542183,-0.2105826542542184,94.97201643842772,-15.500989179653017,-2.1561623487747,79.4710272587747,79.4710272587747,2024-01-18 22:30:00+00:00,2024-01-18 23:30:00+01:00
2024-01-18T22:45:00Z,2024-01-18T23:45:00+01:00,0.961485,3.84594,63.919408,73.61,70.77491085,1.0979940165427395,-0.1365090165427395,84.83101771809206,-10.048428707711055,-4.007678160381005,74.782589010381,74.782589010381,1.2609136542542183,-0.2994286542542183,94.97201643842772,-22.040943239653007,-2.1561623487747,72.93107319877471,72.9310731987747,2024-01-18 22:45:00+00:00,2024-01-18 23:45:00+01:00
2024-01-18T23:00:00Z,2024-01-19T00:00:00+01:00,0.8754449999999999,3.5017799999999997,59.923133,70.58,61.78890809999999,1.0979940165427395,-0.2225490165427396,84.83101771809206,-15.707509587586562,-7.334600030505499,69.1235081305055,69.12350813050548,1.2609136542542183,-0.3854686542542184,94.97201643842772,-27.206377617262735,-5.976730721164984,67.76563882116498,67.76563882116497,2024-01-18 23:00:00+00:00,2024-01-19 00:00:00+01:00
2024-01-18T23:15:00Z,2024-01-19T00:15:00+01:00,0.795003,3.180012,59.923133,70.58,56.11131174,1.0979940165427395,-0.3029910165427395,84.83101771809206,-21.385105947586556,-7.334600030505499,63.445911770505504,63.4459117705055,1.2609136542542183,-0.4659106542542183,94.97201643842772,-32.88397397726273,-5.976730721164984,62.08804246116499,62.08804246116498,2024-01-18 23:15:00+00:00,2024-01-19 00:15:00+01:00
2024-01-18T23:30:00Z,2024-01-19T00:30:00+01:00,0.7245720000000001,2.8982880000000004,59.923133,70.58,51.14029176,1.0979940165427395,-0.3734220165427394,84.83101771809206,-26.35612592758655,-7.334600030505499,58.47489179050551,58.4748917905055,1.2609136542542183,-0.5363416542542182,94.97201643842772,-37.85499395726272,-5.976730721164984,57.117022481164994,57.11702248116499,2024-01-18 23:30:00+00:00,2024-01-19 00:30:00+01:00
2024-01-18T23:45:00Z,2024-01-19T00:45:00+01:00,0.664768,2.659072,59.923133,70.58,46.91932544,1.0979940165427395,-0.4332260165427395,84.83101771809206,-30.577092247586553,-7.334600030505499,54.25392547050551,54.2539254705055,1.2609136542542183,-0.5961456542542183,94.97201643842772,-42.07596027726272,-5.976730721164984,52.89605616116499,52.896056161164985,2024-01-18 23:45:00+00:00,2024-01-19 00:45:00+01:00
2024-01-19T00:00:00Z,2024-01-19T01:00:00+01:00,0.6201230000000001,2.4804920000000004,57.305607,66.95,41.51723485000001,1.0979940165427395,-0.4778710165427394,84.83101771809206,-31.99346455753641,-11.320318310555637,52.83755316055565,52.83755316055564,1.2609136542542183,-0.6407906542542182,94.97201643842772,-42.90093430231991,-10.553847286107796,52.071082136107805,52.071082136107805,2024-01-19 00:00:00+00:00,2024-01-19 01:00:00+01:00
2024-01-19T00:15:00Z,2024-01-19T01:15:00+01:00,0.5884179999999999,2.3536719999999995,57.305607,66.95,39.39458509999999,1.0979940165427395,-0.5095760165427397,84.83101771809206,-34.11611430753642,-11.320318310555637,50.714903410555635,50.71490341055563,1.2609136542542183,-0.6724956542542184,94.97201643842772,-45.023584052319926,-10.553847286107796,49.94843238610779,49.94843238610779,2024-01-19 00:15:00+00:00,2024-01-19 01:15:00+01:00
2024-01-19T00:30:00Z,2024-01-19T01:30:00+01:00,0.567227,2.268908,57.305607,66.95,37.975847650000006,1.0979940165427395,-0.5307670165427395,84.83101771809206,-35.53485175753641,-11.320318310555637,49.29616596055565,49.29616596055564,1.2609136542542183,-0.6936866542542183,94.97201643842772,-46.44232150231991,-10.553847286107796,48.5296949361078,48.5296949361078,2024-01-19 00:30:00+00:00,2024-01-19 01:30:00+01:00
2024-01-19T00:45:00Z,2024-01-19T01:45:00+01:00,0.552964,2.211856,57.305607,66.95,37.0209398,1.0979940165427395,-0.5450300165427395,84.83101771809206,-36.48975960753641,-11.320318310555637,48.34125811055564,48.34125811055563,1.2609136542542183,-0.7079496542542183,94.97201643842772,-47.39722935231992,-10.553847286107796,47.5747870861078,47.5747870861078,2024-01-19 00:45:00+00:00,2024-01-19 01:45:00+01:00
2024-01-19T01:00:00Z,2024-01-19T02:00:00+01:00,0.543322,2.173288,58.299427,65.63,35.658222859999995,1.0979940165427395,-0.5546720165427396,84.83101771809206,-36.403124445699994,-12.76967041239206,48.42789327239206,48.427893272392055,1.2609136542542183,-0.7175916542542183,94.97201643842772,-47.09554026870435,-12.21825330972338,47.87647616972337,47.876476169723375,2024-01-19 01:00:00+00:00,2024-01-19 02:00:00+01:00
2024-01-19T01:15:00Z,2024-01-19T02:15:00+01:00,0.536318,2.145272,58.299427,65.63,35.19855034,1.0979940165427395,-0.5616760165427396,84.83101771809206,-36.86279696569999,-12.76967041239206,47.968220752392064,47.96822075239206,1.2609136542542183,-0.7245956542542183,94.97201643842772,-47.555212788704345,-12.21825330972338,47.41680364972337,47.41680364972338,2024-01-19 01:15:00+00:00,2024-01-19 02:15:00+01:00
2024-01-19T01:30:00Z,2024-01-19T02:30:00+01:00,0.533019,2.132076,58.299427,65.63,34.982036969999996,1.0979940165427395,-0.5649750165427395,84.83101771809206,-37.079310335699994,-12.76967041239206,47.75170738239206,47.751707382392055,1.2609136542542183,-0.7278946542542183,94.97201643842772,-47.77172615870434,-12.21825330972338,47.200290279723376,47.200290279723376,2024-01-19 01:30:00+00:00,2024-01-19 02:30:00+01:00
2024-01-19T01:45:00Z,2024-01-19T02:45:00+01:00,0.529237,2.116948,58.299427,65.63,34.733824309999996,1.0979940165427395,-0.5687570165427396,84.83101771809206,-37.327522995699994,-12.76967041239206,47.50349472239206,47.503494722392055,1.2609136542542183,-0.7316766542542184,94.97201643842772,-48.01993881870435,-12.21825330972338,46.95207761972337,46.952077619723376,2024-01-19 01:45:00+00:00,2024-01-19 02:45:00+01:00
2024-01-19T02:00:00Z,2024-01-19T03:00:00+01:00,0.525991,2.103964,57.29161,62.76,33.01119516,1.0979940165427395,-0.5720030165427396,84.83101771809206,-35.89890931822233,-15.92091323986972,48.932108399869726,48.93210839986972,1.2609136542542183,-0.7349226542542183,94.97201643842772,-46.12374578099474,-15.837075497432975,48.84827065743298,48.84827065743298,2024-01-19 02:00:00+00:00,2024-01-19 03:00:00+01:00
2024-01-19T02:15:00Z,2024-01-19T03:15:00+01:00,0.52473,2.09892,57.29161,62.76,32.9320548,1.0979940165427395,-0.5732640165427395,84.83101771809206,-35.978049678222334,-15.92091323986972,48.85296803986972,48.85296803986972,1.2609136542542183,-0.7361836542542183,94.97201643842772,-46.202886140994735,-15.837075497432975,48.76913029743298,48.76913029743298,2024-01-19 02:15:00+00:00,2024-01-19 03:15:00+01:00
2024-01-19T02:30:00Z,2024-01-19T03:30:00+01:00,0.5234300000000001,2.09372,57.29161,62.76,32.8504668,1.0979940165427395,-0.5745640165427395,84.83101771809206,-36.05963767822233,-15.92091323986972,48.771380039869726,48.77138003986972,1.2609136542542183,-0.7374836542542182,94.97201643842772,-46.28447414099474,-15.837075497432975,48.68754229743298,48.68754229743298,2024-01-19 02:30:00+00:00,2024-01-19 03:30:00+01:00
2024-01-19T02:45:00Z,2024-01-19T03:45:00+01:00,0.526362,2.105448,57.29161,62.76,33.03447912,1.0979940165427395,-0.5716320165427395,84.83101771809206,-35.87562535822233,-15.92091323986972,48.95539235986973,48.95539235986972,1.2609136542542183,-0.7345516542542183,94.97201643842772,-46.10046182099474,-15.837075497432975,48.87155461743298,48.87155461743298,2024-01-19 02:45:00+00:00,2024-01-19 03:45:00+01:00
2024-01-19T03:00:00Z,2024-01-19T04:00:00+01:00,0.5315230000000001,2.1260920000000003,57.802518,63.32,33.65603636,1.0979940165427395,-0.5664710165427395,84.83101771809206,-35.86894476748626,-15.306036590605784,48.962072950605794,48.96207295060579,1.2609136542542183,-0.7293906542542182,94.97201643842772,-46.1850162273771,-15.130963851050607,48.78700021105062,48.78700021105061,2024-01-19 03:00:00+00:00,2024-01-19 04:00:00+01:00
2024-01-19T03:15:00Z,2024-01-19T04:15:00+01:00,0.5405530000000001,2.162212,57.802518,63.32,34.22781596,1.0979940165427395,-0.5574410165427395,84.83101771809206,-35.29716516748626,-15.306036590605784,49.53385255060579,49.533852550605786,1.2609136542542183,-0.7203606542542182,94.97201643842772,-45.6132366273771,-15.130963851050607,49.35877981105062,49.35877981105061,2024-01-19 03:15:00+00:00,2024-01-19 04:15:00+01:00
2024-01-19T03:30:00Z,2024-01-19T04:30:00+01:00,0.550674,2.202696,57.802518,63.32,34.86867768,1.0979940165427395,-0.5473200165427395,84.83101771809206,-34.656303447486266,-15.306036590605784,50.17471427060579,50.17471427060578,1.2609136542542183,-0.7102396542542183,94.97201643842772,-44.9723749073771,-15.130963851050607,49.999641531050614,49.99964153105061,2024-01-19 03:30:00+00:00,2024-01-19 04:30:00+01:00
2024-01-19T03:45:00Z,2024-01-19T04:45:00+01:00,0.562163,2.248652,57.802518,63.32,35.59616116,1.0979940165427395,-0.5358310165427396,84.83101771809206,-33.92881996748627,-15.306036590605784,50.90219775060579,50.90219775060579,1.2609136542542183,-0.6987506542542183,94.97201643842772,-44.244891427377105,-15.130963851050607,50.72712501105061,50.72712501105061,2024-01-19 03:45:00+00:00,2024-01-19 04:45:00+01:00
2024-01-19T04:00:00Z,2024-01-19T05:00:00+01:00,0.574969,2.299876,60.888958,67.47,38.79315843,1.0979940165427395,-0.5230250165427396,84.83101771809206,-35.28849786613864,-10.749361421953424,49.542519851953415,49.54251985195342,1.2609136542542183,-0.6859446542542184,94.97201643842772,-46.280685822532114,-9.898172185895604,48.6913306158956,48.6913306158956,2024-01-19 04:00:00+00:00,2024-01-19 05:00:00+01:00
2024-01-19T04:15:00Z,2024-01-19T05:15:00+01:00,0.601655,2.40662,60.888958,67.47,40.59366285,1.0979940165427395,-0.4963390165427395,84.83101771809206,-33.48799344613863,-10.749361421953424,51.343024271953425,51.343024271953425,1.2609136542542183,-0.6592586542542183,94.97201643842772,-44.480181402532104,-9.898172185895604,50.49183503589561,50.491835035895605,2024-01-19 04:15:00+00:00,2024-01-19 05:15:00+01:00
2024-01-19T04:30:00Z,2024-01-19T05:30:00+01:00,0.655215,2.62086,60.888958,67.47,44.20735605,1.0979940165427395,-0.4427790165427395,84.83101771809206,-29.87430024613864,-10.749361421953424,54.95671747195342,54.956717471953425,1.2609136542542183,-0.6056986542542183,94.97201643842772,-40.86648820253211,-9.898172185895604,54.105528235895605,54.105528235895605,2024-01-19 04:30:00+00:00,2024-01-19 05:30:00+01:00
2024-01-19T04:45:00Z,2024-01-19T05:45:00+01:00,0.748956,2.995824,60.888958,67.47,50.53206132,1.0979940165427395,-0.3490380165427396,84.83101771809206,-23.54959497613864,-10.749361421953424,61.28142274195342,61.28142274195342,1.2609136542542183,-0.5119576542542184,94.97201643842772,-34.541782932532115,-9.898172185895604,60.4302335058956,60.4302335058956,2024-01-19 04:45:00+00:00,2024-01-19 05:45:00+01:00
2024-01-19T05:00:00Z,2024-01-19T06:00:00+01:00,0.8903099999999999,3.5612399999999997,70.449224,77.94,69.39076139999999,1.0979940165427395,-0.2076840165427396,84.83101771809206,-16.186892249341124,0.7466359312490596,68.64412546875093,68.64412546875093,1.2609136542542183,-0.3706036542542184,94.97201643842772,-28.88484881257378,3.3035937741460515,66.08716762585394,66.08716762585394,2024-01-19 05:00:00+00:00,2024-01-19 06:00:00+01:00
2024-01-19T05:15:00Z,2024-01-19T06:15:00+01:00,1.062808,4.251232,70.449224,77.94,82.83525551999999,1.0979940165427395,-0.0351860165427395,84.83101771809206,-2.7423981293411215,0.7466359312490596,82.08861958875093,82.08861958875093,1.2609136542542183,-0.1981056542542183,94.97201643842772,-15.440354692573775,3.3035937741460515,79.53166174585394,79.53166174585394,2024-01-19 05:15:00+00:00,2024-01-19 06:15:00+01:00
2024-01-19T05:30:00Z,2024-01-19T06:30:00+01:00,1.2425669999999998,4.970267999999999,70.449224,77.94,96.84567197999998,1.0979940165427395,0.1445729834572602,84.83101771809206,11.268018330658862,0.7466359312490596,96.09903604875092,96.09903604875092,1.2609136542542183,-0.0183466542542185,94.97201643842772,-1.429938232573794,3.3035937741460515,93.54207820585393,93.54207820585393,2024-01-19 05:30:00+00:00,2024-01-19 06:30:00+01:00
2024-01-19T05:45:00Z,2024-01-19T06:45:00+01:00,1.4065109999999998,5.626043999999999,70.449224,77.94,109.62346734,1.0979940165427395,0.3085169834572603,84.83101771809206,24.045813690658868,0.7466359312490596,108.87683140875092,108.87683140875092,1.2609136542542183,0.1455973457457815,94.97201643842772,11.347857127426211,3.3035937741460515,106.31987356585392,106.31987356585394,2024-01-19 05:45:00+00:00,2024-01-19 06:45:00+01:00
2024-01-19T06:00:00Z,2024-01-19T07:00:00+01:00,1.536329,6.145316,83.473862,87.17,133.92179893,1.0979940165427395,0.4383349834572605,84.83101771809206,38.2096605079694,10.88112070393855,123.04067822606146,123.04067822606144,1.2609136542542183,0.2754153457457817,94.97201643842772,24.007955688659795,14.941826802912502,118.9799721270875,118.97997212708748,2024-01-19 06:00:00+00:00,2024-01-19 07:00:00+01:00
2024-01-19T06:15:00Z,2024-01-19T07:15:00+01:00,1.634926,6.539704,83.473862,87.17,142.51649942,1.0979940165427395,0.5369319834572606,84.83101771809206,46.80436099796941,10.88112070393855,131.63537871606147,131.63537871606144,1.2609136542542183,0.3740123457457818,94.97201643842772,32.6026561786598,14.941826802912502,127.57467261708751,127.5746726170875,2024-01-19 06:15:00+00:00,2024-01-19 07:15:00+01:00
2024-01-19T06:30:00Z,2024-01-19T07:30:00+01:00,1.7089460000000003,6.835784000000001,83.473862,87.17,148.96882282000004,1.0979940165427395,0.6109519834572608,84.83101771809206,53.25668439796942,10.88112070393855,138.08770211606148,138.0877021160615,1.2609136542542183,0.448032345745782,94.97201643842772,39.05497957865982,14.941826802912502,134.02699601708753,134.02699601708753,2024-01-19 06:30:00+00:00,2024-01-19 07:30:00+01:00
2024-01-19T06:45:00Z,2024-01-19T07:45:00+01:00,1.765983,7.063931999999999,83.473862,87.17,153.94073810999998,1.0979940165427395,0.6679889834572603,84.83101771809206,58.228599687969385,10.88112070393855,143.05961740606145,143.05961740606142,1.2609136542542183,0.5050693457457816,94.97201643842772,44.02689486865978,14.941826802912502,138.9989113070875,138.9989113070875,2024-01-19 06:45:00+00:00,2024-01-19 07:45:00+01:00
2024-01-19T07:00:00Z,2024-01-19T08:00:00+01:00,1.812451,7.249804,97.532734,104.27,188.98426577,1.5691057262325816,0.2433452737674184,125.6292917772324,25.37361169572872,37.981362297038885,151.00290347296112,151.00290347296112,1.8436576216687932,-0.0312066216687931,146.6497514687522,-3.2539144414050645,45.58842874265284,143.39583702734714,143.39583702734717,2024-01-19 07:00:00+00:00,2024-01-19 08:00:00+01:00
2024-01-19T07:15:00Z,2024-01-19T08:15:00+01:00,1.8472009999999996,7.388803999999999,97.532734,104.27,192.60764826999997,1.5691057262325816,0.278095273767418,125.6292917772324,28.99699419572868,37.981362297038885,154.62628597296109,154.62628597296109,1.8436576216687932,0.0035433783312064,146.6497514687522,0.3694680585948952,45.58842874265284,147.0192195273471,147.01921952734713,2024-01-19 07:15:00+00:00,2024-01-19 08:15:00+01:00
2024-01-19T07:30:00Z,2024-01-19T08:30:00+01:00,1.865788,7.463152,97.532734,104.27,194.54571476,1.5691057262325816,0.2966822737674184,125.6292917772324,30.935060685728715,37.981362297038885,156.5643524629611,156.5643524629611,1.8436576216687932,0.0221303783312067,146.6497514687522,2.307534548594932,45.58842874265284,148.95728601734714,148.95728601734714,2024-01-19 07:30:00+00:00,2024-01-19 08:30:00+01:00
2024-01-19T07:45:00Z,2024-01-19T08:45:00+01:00,1.866681,7.466723999999999,97.532734,104.27,194.63882786999997,1.5691057262325816,0.2975752737674182,125.6292917772324,31.028173795728694,37.981362297038885,156.6574655729611,156.6574655729611,1.8436576216687932,0.0230233783312066,146.6497514687522,2.400647658594912,45.58842874265284,149.0503991273471,149.0503991273471,2024-01-19 07:45:00+00:00,2024-01-19 08:45:00+01:00
2024-01-19T08:00:00Z,2024-01-19T09:00:00+01:00,1.847297,7.389188000000001,94.677213,103.06,190.38242882000003,1.5691057262325816,0.2781912737674186,125.6292917772324,28.67039267447016,36.082744368297455,154.29968445170255,154.29968445170255,1.8436576216687932,0.0036393783312069,146.6497514687522,0.375074330814191,43.35760302043363,147.0248257995664,147.0248257995664,2024-01-19 08:00:00+00:00,2024-01-19 09:00:00+01:00
2024-01-19T08:15:00Z,2024-01-19T09:15:00+01:00,1.8155009999999996,7.262003999999998,94.677213,103.06,187.10553305999997,1.5691057262325816,0.246395273767418,125.6292917772324,25.3934969144701,36.082744368297455,151.0227886917025,151.02278869170252,1.8436576216687932,-0.0281566216687936,146.6497514687522,-2.901821429185871,43.35760302043363,143.74793003956634,143.74793003956634,2024-01-19 08:15:00+00:00,2024-01-19 09:15:00+01:00
2024-01-19T08:30:00Z,2024-01-19T09:30:00+01:00,1.7766970000000002,7.106788000000001,94.677213,103.06,183.10639282,1.5691057262325816,0.2075912737674186,125.6292917772324,21.39435667447016,36.082744368297455,147.02364845170257,147.02364845170257,1.8436576216687932,-0.066960621668793,146.6497514687522,-6.900961669185809,43.35760302043363,139.7487897995664,139.7487897995664,2024-01-19 08:30:00+00:00,2024-01-19 09:30:00+01:00
2024-01-19T08:45:00Z,2024-01-19T09:45:00+01:00,1.7421600000000002,6.968640000000001,94.677213,103.06,179.54700960000002,1.5691057262325816,0.1730542737674185,125.6292917772324,17.834973454470155,36.082744368297455,143.46426523170254,143.46426523170257,1.8436576216687932,-0.101497621668793,146.6497514687522,-10.460344889185812,43.35760302043363,136.1894065795664,136.1894065795664,2024-01-19 08:45:00+00:00,2024-01-19 09:45:00+01:00
2024-01-19T09:00:00Z,2024-01-19T10:00:00+01:00,1.7171729999999998,6.868691999999999,89.13676,95.15,163.38901095,1.5691057262325816,0.1480672737674182,125.6292917772324,14.088601098969846,23.671118073797743,139.71789287620226,139.71789287620226,1.8436576216687932,-0.1264846216687933,146.6497514687522,-12.03501175178569,28.77427123303346,134.6147397169665,134.61473971696654,2024-01-19 09:00:00+00:00,2024-01-19 10:00:00+01:00
2024-01-19T09:15:00Z,2024-01-19T10:15:00+01:00,1.701102,6.8044080000000005,89.13676,95.15,161.85985530000002,1.5691057262325816,0.1319962737674185,125.6292917772324,12.559445448969871,23.671118073797743,138.18873722620228,138.18873722620228,1.8436576216687932,-0.1425556216687931,146.6497514687522,-13.564167401785664,28.77427123303346,133.08558406696656,133.08558406696656,2024-01-19 09:15:00+00:00,2024-01-19 10:15:00+01:00
2024-01-19T09:30:00Z,2024-01-19T10:30:00+01:00,1.693859,6.775436,89.13676,95.15,161.17068385000002,1.5691057262325816,0.1247532737674184,125.6292917772324,11.870273998969862,23.671118073797743,137.49956577620225,137.49956577620227,1.8436576216687932,-0.1497986216687932,146.6497514687522,-14.253338851785674,28.77427123303346,132.39641261696653,132.39641261696656,2024-01-19 09:30:00+00:00,2024-01-19 10:30:00+01:00
2024-01-19T09:45:00Z,2024-01-19T10:45:00+01:00,1.695391,6.781564,89.13676,95.15,161.31645365000003,1.5691057262325816,0.1262852737674185,125.6292917772324,12.01604379896987,23.671118073797743,137.64533557620226,137.64533557620229,1.8436576216687932,-0.1482666216687931,146.6497514687522,-14.107569051785664,28.77427123303346,132.54218241696654,132.54218241696657,2024-01-19 09:45:00+00:00,2024-01-19 10:45:00+01:00
2024-01-19T10:00:00Z,2024-01-19T11:00:00+01:00,1.703975,6.8159,88.14289,86.36,147.155281,1.5691057262325816,0.1348692737674184,125.6292917772324,11.647310482554255,9.87867874021336,137.27660225978664,137.27660225978664,1.8436576216687932,-0.1396826216687932,146.6497514687522,-12.06299120731698,12.568520738564755,134.58676026143524,134.58676026143524,2024-01-19 10:00:00+00:00,2024-01-19 11:00:00+01:00
2024-01-19T10:15:00Z,2024-01-19T11:15:00+01:00,1.7183730000000002,6.873492000000001,88.14289,86.36,148.39869228,1.5691057262325816,0.1492672737674185,125.6292917772324,12.890721762554266,9.87867874021336,138.52001353978667,138.52001353978665,1.8436576216687932,-0.125284621668793,146.6497514687522,-10.819579927316967,12.568520738564755,135.83017154143525,135.83017154143525,2024-01-19 10:15:00+00:00,2024-01-19 11:15:00+01:00
2024-01-19T10:30:00Z,2024-01-19T11:30:00+01:00,1.7392740000000002,6.957096000000001,88.14289,86.36,150.20370264000002,1.5691057262325816,0.1701682737674186,125.6292917772324,14.69573212255427,9.87867874021336,140.32502389978666,140.32502389978666,1.8436576216687932,-0.104383621668793,146.6497514687522,-9.014569567316965,12.568520738564755,137.63518190143526,137.63518190143526,2024-01-19 10:30:00+00:00,2024-01-19 11:30:00+01:00
2024-01-19T10:45:00Z,2024-01-19T11:45:00+01:00,1.7668850000000005,7.067540000000001,88.14289,86.36,152.58818860000002,1.5691057262325816,0.1977792737674186,125.6292917772324,17.080218082554275,9.87867874021336,142.70950985978666,142.70950985978666,1.8436576216687932,-0.0767726216687929,146.6497514687522,-6.630083607316959,12.568520738564755,140.01966786143527,140.01966786143527,2024-01-19 10:45:00+00:00,2024-01-19 11:45:00+01:00
2024-01-19T11:00:00Z,2024-01-19T12:00:00+01:00,1.7991460000000004,7.196584000000001,88.780747,76.83,138.22838718000003,1.5691057262325816,0.2300402737674187,125.6292917772324,17.673994233550783,-5.074898830783155,143.30328601078318,143.30328601078318,1.8436576216687932,-0.0445116216687928,146.6497514687522,-3.419827892813355,-5.001536395938842,143.22992357593887,143.22992357593887,2024-01-19 11:00:00+00:00,2024-01-19 12:00:00+01:00
2024-01-19T11:15:00Z,2024-01-19T12:15:00+01:00,1.828936,7.315744,88.780747,76.83,140.51715288,1.5691057262325816,0.2598302737674183,125.6292917772324,19.962759933550743,-5.074898830783155,145.59205171078315,145.59205171078315,1.8436576216687932,-0.0147216216687933,146.6497514687522,-1.1310621928133904,-5.001536395938842,145.5186892759388,145.51868927593884,2024-01-19 11:15:00+00:00,2024-01-19 12:15:00+01:00
2024-01-19T11:30:00Z,2024-01-19T12:30:00+01:00,1.847,7.388,88.780747,76.83,141.90501,1.5691057262325816,0.2778942737674184,125.6292917772324,21.350617053550753,-5.074898830783155,146.97990883078316,146.97990883078316,1.8436576216687932,0.0033423783312067,146.6497514687522,0.2567949271866156,-5.001536395938842,146.90654639593882,146.90654639593885,2024-01-19 11:30:00+00:00,2024-01-19 12:30:00+01:00
2024-01-19T11:45:00Z,2024-01-19T12:45:00+01:00,1.8469789999999997,7.387915999999999,88.780747,76.83,141.90339656999998,1.5691057262325816,0.2778732737674181,125.6292917772324,21.349003623550733,-5.074898830783155,146.97829540078314,146.97829540078314,1.8436576216687932,0.0033213783312064,146.6497514687522,0.2551814971865948,-5.001536395938842,146.9049329659388,146.90493296593883,2024-01-19 11:45:00+00:00,2024-01-19 12:45:00+01:00
2024-01-19T12:00:00Z,2024-01-19T13:00:00+01:00,1.822258,7.289032,83.544389,73.35,133.66262429999998,1.5691057262325816,0.2531522737674183,125.6292917772324,18.568719280840135,-10.535386758072548,144.19801105807252,144.19801105807252,1.8436576216687932,-0.0213996216687932,146.6497514687522,-1.5696622494059869,-11.41746491934623,145.08008921934623,145.0800892193462,2024-01-19 12:00:00+00:00,2024-01-19 13:00:00+01:00
2024-01-19T12:15:00Z,2024-01-19T13:15:00+01:00,1.7794409999999998,7.117763999999999,83.544389,73.35,130.52199734999996,1.5691057262325816,0.2103352737674182,125.6292917772324,15.428092330840126,-10.535386758072548,141.0573841080725,141.0573841080725,1.8436576216687932,-0.0642166216687933,146.6497514687522,-4.710289199405994,-11.41746491934623,141.93946226934622,141.9394622693462,2024-01-19 12:15:00+00:00,2024-01-19 13:15:00+01:00
2024-01-19T12:30:00Z,2024-01-19T13:30:00+01:00,1.726561,6.906244,83.544389,73.35,126.64324935,1.5691057262325816,0.1574552737674184,125.6292917772324,11.54934433084014,-10.535386758072548,137.17863610807254,137.17863610807254,1.8436576216687932,-0.1170966216687932,146.6497514687522,-8.58903719940598,-11.41746491934623,138.06071426934622,138.06071426934622,2024-01-19 12:30:00+00:00,2024-01-19 13:30:00+01:00
2024-01-19T12:45:00Z,2024-01-19T13:45:00+01:00,1.6741210000000002,6.696484000000001,83.544389,73.35,122.79677535,1.5691057262325816,0.1050152737674186,125.6292917772324,7.702870330840153,-10.535386758072548,133.33216210807254,133.33216210807257,1.8436576216687932,-0.169536621668793,146.6497514687522,-12.435511199405967,-11.41746491934623,134.21424026934625,134.21424026934625,2024-01-19 12:45:00+00:00,2024-01-19 13:45:00+01:00
2024-01-19T13:00:00Z,2024-01-19T14:00:00+01:00,1.62801,6.51204,83.069704,75.21,122.44263209999998,1.5691057262325816,0.0589042737674183,125.6292917772324,4.430190430047534,-7.616850107279944,130.05948220727993,130.05948220727993,1.8436576216687932,-0.2156476216687932,146.6497514687522,-16.21885762570994,-7.988261743042301,130.43089384304227,130.43089384304227,2024-01-19 13:00:00+00:00,2024-01-19 14:00:00+01:00
2024-01-19T13:15:00Z,2024-01-19T14:15:00+01:00,1.590106,6.360424,83.069704,75.21,119.59187226,1.5691057262325816,0.0210002737674184,125.6292917772324,1.5794305900475392,-7.616850107279944,127.20872236727992,127.20872236727992,1.8436576216687932,-0.2535516216687932,146.6497514687522,-19.069617465709936,-7.988261743042301,127.58013400304228,127.58013400304228,2024-01-19 13:15:00+00:00,2024-01-19 14:15:00+01:00
2024-01-19T13:30:00Z,2024-01-19T14:30:00+01:00,1.559018,6.236072,83.069704,75.21,117.25374378,1.5691057262325816,-0.0100877262325815,125.6292917772324,-0.7586978899524609,-7.616850107279944,124.87059388727994,124.87059388727994,1.8436576216687932,-0.2846396216687932,146.6497514687522,-21.407745945709937,-7.988261743042301,125.24200552304228,125.2420055230423,2024-01-19 13:30:00+00:00,2024-01-19 14:30:00+01:00
2024-01-19T13:45:00Z,2024-01-19T14:45:00+01:00,1.531932,6.127728,83.069704,75.21,115.21660572,1.5691057262325816,-0.0371737262325815,125.6292917772324,-2.7958359499524565,-7.616850107279944,122.83345582727992,122.83345582727992,1.8436576216687932,-0.3117256216687931,146.6497514687522,-23.44488400570993,-7.988261743042301,123.20486746304228,123.20486746304228,2024-01-19 13:45:00+00:00,2024-01-19 14:45:00+01:00
2024-01-19T14:00:00Z,2024-01-19T15:00:00+01:00,1.509354,6.0374159999999994,82.66919,77.45,116.8994673,1.5691057262325816,-0.0597517262325817,125.6292917772324,-4.627771196713455,-4.102053280518945,121.00152058051894,121.00152058051894,1.8436576216687932,-0.3343036216687933,146.6497514687522,-25.891815498248047,-3.858468670504181,120.75793597050416,120.75793597050418,2024-01-19 14:00:00+00:00,2024-01-19 15:00:00+01:00
2024-01-19T14:15:00Z,2024-01-19T15:15:00+01:00,1.4921299999999995,5.968519999999999,82.66919,77.45,115.56546849999998,1.5691057262325816,-0.0769757262325818,125.6292917772324,-5.961769996713466,-4.102053280518945,119.66752178051892,119.66752178051892,1.8436576216687932,-0.3515276216687935,146.6497514687522,-27.225814298248057,-3.858468670504181,119.42393717050416,119.42393717050416,2024-01-19 14:15:00+00:00,2024-01-19 15:15:00+01:00
2024-01-19T14:30:00Z,2024-01-19T15:30:00+01:00,1.478831,5.915324,82.66919,77.45,114.53546095,1.5691057262325816,-0.0902747262325815,125.6292917772324,-6.991777546713444,-4.102053280518945,118.63751423051896,118.63751423051896,1.8436576216687932,-0.3648266216687932,146.6497514687522,-28.255821848248036,-3.858468670504181,118.39392962050418,118.39392962050418,2024-01-19 14:30:00+00:00,2024-01-19 15:30:00+01:00
2024-01-19T14:45:00Z,2024-01-19T15:45:00+01:00,1.47337,5.89348,82.66919,77.45,114.1125065,1.5691057262325816,-0.0957357262325815,125.6292917772324,-7.41473199671344,-4.102053280518945,118.21455978051895,118.21455978051895,1.8436576216687932,-0.3702876216687931,146.6497514687522,-28.67877629824803,-3.858468670504181,117.97097517050418,117.9709751705042,2024-01-19 14:45:00+00:00,2024-01-19 15:45:00+01:00
2024-01-19T15:00:00Z,2024-01-19T16:00:00+01:00,1.4747950000000003,5.899180000000001,84.04874,84.69,124.90038855000002,1.5691057262325816,-0.0943107262325813,125.6292917772324,-7.98717540463731,7.258272177404933,117.64211637259508,117.64211637259508,1.8436576216687932,-0.3688626216687929,146.6497514687522,-31.238975429130072,9.489612510377867,115.41077603962214,115.41077603962216,2024-01-19 15:00:00+00:00,2024-01-19 16:00:00+01:00
2024-01-19T15:15:00Z,2024-01-19T16:15:00+01:00,1.4879249999999995,5.951699999999999,84.04874,84.69,126.01236824999997,1.5691057262325816,-0.0811807262325818,125.6292917772324,-6.875195704637359,7.258272177404933,118.75409607259505,118.75409607259505,1.8436576216687932,-0.3557326216687935,146.6497514687522,-30.12699572913012,9.489612510377867,116.5227557396221,116.5227557396221,2024-01-19 15:15:00+00:00,2024-01-19 16:15:00+01:00
2024-01-19T15:30:00Z,2024-01-19T16:30:00+01:00,1.5166890000000002,6.066756000000001,84.04874,84.69,128.44839141,1.5691057262325816,-0.0524167262325814,125.6292917772324,-4.43917254463732,7.258272177404933,121.19011923259508,121.19011923259508,1.8436576216687932,-0.326968621668793,146.6497514687522,-27.69097256913008,9.489612510377867,118.95877889962212,118.95877889962212,2024-01-19 15:30:00+00:00,2024-01-19 16:30:00+01:00
2024-01-19T15:45:00Z,2024-01-19T16:45:00+01:00,1.568547,6.2741880000000005,84.04874,84.69,132.84024543,1.5691057262325816,-0.0005587262325814,125.6292917772324,-0.0473185246373241,7.258272177404933,125.58197325259508,125.58197325259508,1.8436576216687932,-0.2751106216687931,146.6497514687522,-23.299118549130085,9.489612510377867,123.35063291962211,123.35063291962214,2024-01-19 15:45:00+00:00,2024-01-19 16:45:00+01:00
2024-01-19T16:00:00Z,2024-01-19T17:00:00+01:00,1.643535,6.57414,91.903278,93.6,153.83487599999998,1.5691057262325816,0.0744292737674183,125.6292917772324,6.966580024630359,21.239004198137224,132.59587180186276,132.59587180186276,1.8436576216687932,-0.2001226216687932,146.6497514687522,-18.73147738819905,25.916601919446833,127.91827408055318,127.91827408055316,2024-01-19 16:00:00+00:00,2024-01-19 17:00:00+01:00
2024-01-19T16:15:00Z,2024-01-19T17:15:00+01:00,1.736841,6.947364,91.903278,93.6,162.5683176,1.5691057262325816,0.1677352737674184,125.6292917772324,15.700021624630368,21.239004198137224,141.32931340186278,141.32931340186278,1.8436576216687932,-0.1068166216687931,146.6497514687522,-9.998035788199036,25.916601919446833,136.65171568055317,136.65171568055317,2024-01-19 16:15:00+00:00,2024-01-19 17:15:00+01:00
2024-01-19T16:30:00Z,2024-01-19T17:30:00+01:00,1.841275,7.3651,91.903278,93.6,172.34333999999998,1.5691057262325816,0.2721692737674184,125.6292917772324,25.47504402463036,21.239004198137224,151.10433580186276,151.10433580186276,1.8436576216687932,-0.0023826216687932,146.6497514687522,-0.223013388199045,25.916601919446833,146.42673808055318,146.42673808055315,2024-01-19 16:30:00+00:00,2024-01-19 17:30:00+01:00
2024-01-19T16:45:00Z,2024-01-19T17:45:00+01:00,1.94903,7.79612,91.903278,93.6,182.429208,1.5691057262325816,0.3799242737674184,125.6292917772324,35.56091202463036,21.239004198137224,161.19020380186276,161.19020380186276,1.8436576216687932,0.1053723783312068,146.6497514687522,9.86285461180096,25.916601919446833,156.51260608055318,156.51260608055316,2024-01-19 16:45:00+00:00,2024-01-19 17:45:00+01:00
2024-01-19T17:00:00Z,2024-01-19T18:00:00+01:00,2.053404,8.213616,92.422463,91.7,188.2971468,1.5691057262325816,0.4842982737674184,125.6292917772324,44.41015170447227,18.25770331829534,170.03944348170467,170.03944348170467,1.8436576216687932,0.2097463783312068,146.6497514687522,19.233742892971662,22.41365243827613,165.88349436172388,165.88349436172388,2024-01-19 17:00:00+00:00,2024-01-19 18:00:00+01:00
2024-01-19T17:15:00Z,2024-01-19T18:15:00+01:00,2.148376,8.593504,92.422463,91.7,197.0060792,1.5691057262325816,0.5792702737674182,125.6292917772324,53.11908410447226,18.25770331829534,178.74837588170465,178.74837588170465,1.8436576216687932,0.3047183783312066,146.6497514687522,27.94267529297165,22.41365243827613,174.59242676172386,174.59242676172386,2024-01-19 17:15:00+00:00,2024-01-19 18:15:00+01:00
2024-01-19T17:30:00Z,2024-01-19T18:30:00+01:00,2.230385,8.92154,92.422463,91.7,204.5263045,1.5691057262325816,0.6612792737674185,125.6292917772324,60.63930940447227,18.25770331829534,186.26860118170467,186.26860118170467,1.8436576216687932,0.3867273783312068,146.6497514687522,35.46290059297167,22.41365243827613,182.11265206172388,182.11265206172388,2024-01-19 17:30:00+00:00,2024-01-19 18:30:00+01:00
2024-01-19T17:45:00Z,2024-01-19T18:45:00+01:00,2.296505,9.18602,92.422463,91.7,210.5895085,1.5691057262325816,0.7273992737674186,125.6292917772324,66.70251340447228,18.25770331829534,192.33180518170468,192.33180518170468,1.8436576216687932,0.452847378331207,146.6497514687522,41.52610459297168,22.41365243827613,188.1758560617239,188.1758560617239,2024-01-19 17:45:00+00:00,2024-01-19 18:45:00+01:00
2024-01-19T18:00:00Z,2024-01-19T19:00:00+01:00,2.342099,9.368396,88.231893,82.23,192.59080077,1.5691057262325816,0.7729932737674186,125.6292917772324,63.56323690189483,3.3982720908728083,189.19252867912724,189.1925286791272,1.8436576216687932,0.4984413783312069,146.6497514687522,40.986834540175145,4.954214761072649,187.63658600892737,187.63658600892737,2024-01-19 18:00:00+00:00,2024-01-19 19:00:00+01:00
2024-01-19T18:15:00Z,2024-01-19T19:15:00+01:00,2.362942,9.451768,88.231893,82.23,194.30472066,1.5691057262325816,0.7938362737674183,125.6292917772324,65.27715679189481,3.3982720908728083,190.9064485691272,190.9064485691272,1.8436576216687932,0.5192843783312067,146.6497514687522,42.70075443017512,4.954214761072649,189.35050589892737,189.35050589892737,2024-01-19 18:15:00+00:00,2024-01-19 19:15:00+01:00
2024-01-19T18:30:00Z,2024-01-19T19:30:00+01:00,2.353936,9.415744,88.231893,82.23,193.56415728,1.5691057262325816,0.7848302737674184,125.6292917772324,64.53659341189483,3.3982720908728083,190.1658851891272,190.1658851891272,1.8436576216687932,0.5102783783312068,146.6497514687522,41.96019105017514,4.954214761072649,188.60994251892737,188.60994251892737,2024-01-19 18:30:00+00:00,2024-01-19 19:30:00+01:00
2024-01-19T18:45:00Z,2024-01-19T19:45:00+01:00,2.3105240000000005,9.242096000000002,88.231893,82.23,189.9943885200001,1.5691057262325816,0.7414182737674189,125.6292917772324,60.966824651894854,3.3982720908728083,186.59611642912725,186.59611642912725,1.8436576216687932,0.4668663783312072,146.6497514687522,38.390422290175174,4.954214761072649,185.04017375892735,185.0401737589274,2024-01-19 18:45:00+00:00,2024-01-19 19:45:00+01:00
2024-01-19T19:00:00Z,2024-01-19T20:00:00+01:00,2.233093,8.932371999999999,76.468132,74.0,165.24888199999998,1.0979940165427395,1.1350989834572602,84.83101771809206,83.99732477583726,-3.579460493929332,168.8283424939293,168.8283424939293,1.2609136542542183,0.9721793457457816,94.97201643842772,71.94127158518783,-1.6644060236155551,166.91328802361556,166.91328802361554,2024-01-19 19:00:00+00:00,2024-01-19 20:00:00+01:00
2024-01-19T19:15:00Z,2024-01-19T20:15:00+01:00,2.1311630000000004,8.524652000000001,76.468132,74.0,157.70606200000003,1.0979940165427395,1.0331689834572608,84.83101771809206,76.45450477583731,-3.579460493929332,161.28552249392936,161.28552249392936,1.2609136542542183,0.870249345745782,94.97201643842772,64.39845158518787,-1.6644060236155551,159.3704680236156,159.3704680236156,2024-01-19 19:15:00+00:00,2024-01-19 20:15:00+01:00
2024-01-19T19:30:00Z,2024-01-19T20:30:00+01:00,2.0213829999999997,8.085531999999999,76.468132,74.0,149.58234199999998,1.0979940165427395,0.9233889834572602,84.83101771809206,68.33078477583726,-3.579460493929332,153.16180249392932,153.16180249392932,1.2609136542542183,0.7604693457457814,94.97201643842772,56.27473158518782,-1.6644060236155551,151.24674802361554,151.24674802361554,2024-01-19 19:30:00+00:00,2024-01-19 20:30:00+01:00
2024-01-19T19:45:00Z,2024-01-19T20:45:00+01:00,1.918111,7.672444,76.468132,74.0,141.940214,1.0979940165427395,0.8201169834572606,84.83101771809206,60.68865677583728,-3.579460493929332,145.51967449392933,145.51967449392933,1.2609136542542183,0.6571973457457818,94.97201643842772,48.63260358518785,-1.6644060236155551,143.60462002361555,143.60462002361555,2024-01-19 19:45:00+00:00,2024-01-19 20:45:00+01:00
2024-01-19T20:00:00Z,2024-01-19T21:00:00+01:00,1.833261,7.333043999999999,71.946952,71.12,130.38152232,1.0979940165427395,0.7352669834572603,84.83101771809206,52.29218786348035,-6.741683261572419,137.1232055815724,137.1232055815724,1.2609136542542183,0.5723473457457815,94.97201643842772,40.70534322943998,-5.295837347867703,135.6773596678677,135.67735966786768,2024-01-19 20:00:00+00:00,2024-01-19 21:00:00+01:00
2024-01-19T20:15:00Z,2024-01-19T21:15:00+01:00,1.7627799999999998,7.051119999999999,71.946952,71.12,125.3689136,1.0979940165427395,0.6647859834572603,84.83101771809206,47.279579143480355,-6.741683261572419,132.11059686157242,132.11059686157242,1.2609136542542183,0.5018663457457815,94.97201643842772,35.69273450943998,-5.295837347867703,130.6647509478677,130.6647509478677,2024-01-19 20:15:00+00:00,2024-01-19 21:15:00+01:00
2024-01-19T20:30:00Z,2024-01-19T21:30:00+01:00,1.699371,6.797484,71.946952,71.12,120.85926552,1.0979940165427395,0.6013769834572604,84.83101771809206,42.76993106348037,-6.741683261572419,127.6009487815724,127.60094878157244,1.2609136542542183,0.4384573457457816,94.97201643842772,31.183086429439992,-5.295837347867703,126.15510286786773,126.15510286786773,2024-01-19 20:30:00+00:00,2024-01-19 21:30:00+01:00
2024-01-19T20:45:00Z,2024-01-19T21:45:00+01:00,1.6352530000000003,6.541012000000001,71.946952,71.12,116.29919336000005,1.0979940165427395,0.5372589834572608,84.83101771809206,38.20985890348039,-6.741683261572419,123.04087662157244,123.04087662157244,1.2609136542542183,0.374339345745782,94.97201643842772,26.623014269440016,-5.295837347867703,121.59503070786774,121.59503070786774,2024-01-19 20:45:00+00:00,2024-01-19 21:45:00+01:00
2024-01-19T21:00:00Z,2024-01-19T22:00:00+01:00,1.564194,6.256776,69.308431,68.64,107.36627616,1.0979940165427395,0.4661999834572605,84.83101771809206,31.99996686450637,-9.46470842259842,116.83098458259842,116.83098458259845,1.2609136542542183,0.3032803457457818,94.97201643842772,20.81716293199046,-8.42290321041817,115.78917937041815,115.78917937041818,2024-01-19 21:00:00+00:00,2024-01-19 22:00:00+01:00
2024-01-19T21:15:00Z,2024-01-19T22:15:00+01:00,1.486712,5.946848,69.308431,68.64,102.04791168,1.0979940165427395,0.3887179834572605,84.83101771809206,26.68160238450636,-9.46470842259842,111.51262010259842,111.51262010259842,1.2609136542542183,0.2257983457457817,94.97201643842772,15.498798451990458,-8.42290321041817,110.47081489041815,110.47081489041815,2024-01-19 21:15:00+00:00,2024-01-19 22:15:00+01:00
2024-01-19T21:30:00Z,2024-01-19T22:30:00+01:00,1.404529,5.6181160000000006,69.308431,68.64,96.40687056000002,1.0979940165427395,0.3065349834572606,84.83101771809206,21.04056126450637,-9.46470842259842,105.87157898259842,105.87157898259844,1.2609136542542183,0.1436153457457818,94.97201643842772,9.857757331990465,-8.42290321041817,104.8297737704182,104.8297737704182,2024-01-19 21:30:00+00:00,2024-01-19 22:30:00+01:00
2024-01-19T21:45:00Z,2024-01-19T22:45:00+01:00,1.317736,5.270944,69.308431,68.64,90.44939904,1.0979940165427395,0.2197419834572604,84.83101771809206,15.08308974450636,-9.46470842259842,99.91410746259842,99.91410746259842,1.2609136542542183,0.0568223457457817,94.97201643842772,3.900285811990456,-8.42290321041817,98.87230225041816,98.87230225041816,2024-01-19 21:45:00+00:00,2024-01-19 22:45:00+01:00
2024-01-19T22:00:00Z,2024-01-19T23:00:00+01:00,1.229549,4.918196,63.919408,64.75,79.61329775,1.0979940165427395,0.1315549834572604,84.83101771809206,8.518185178857616,-13.735905146949676,93.34920289694968,93.34920289694968,1.2609136542542183,-0.0313646542542183,94.97201643842772,-2.030861362960635,-13.32785732546708,92.94115507546708,92.94115507546708,2024-01-19 22:00:00+00:00,2024-01-19 23:00:00+01:00
2024-01-19T22:15:00Z,2024-01-19T23:15:00+01:00,1.139642,4.558568,63.919408,64.75,73.7918195,1.0979940165427395,0.0416479834572605,84.83101771809206,2.6967069288576178,-13.735905146949676,87.52772464694968,87.52772464694968,1.2609136542542183,-0.1212716542542182,94.97201643842772,-7.852339612960632,-13.32785732546708,87.11967682546708,87.11967682546708,2024-01-19 22:15:00+00:00,2024-01-19 23:15:00+01:00
2024-01-19T22:30:00Z,2024-01-19T23:30:00+01:00,1.050226,4.2009039999999995,63.919408,64.75,68.0021335,1.0979940165427395,-0.0477680165427396,84.83101771809206,-3.092979071142393,-13.735905146949676,81.73803864694966,81.73803864694968,1.2609136542542183,-0.2106876542542184,94.97201643842772,-13.642025612960644,-13.32785732546708,81.32999082546708,81.32999082546708,2024-01-19 22:30:00+00:00,2024-01-19 23:30:00+01:00
2024-01-19T22:45:00Z,2024-01-19T23:45:00+01:00,0.961345,3.84538,63.919408,64.75,62.24708875,1.0979940165427395,-0.1366490165427395,84.83101771809206,-8.848023821142384,-13.735905146949676,75.98299389694967,75.98299389694968,1.2609136542542183,-0.2995686542542183,94.97201643842772,-19.397070362960633,-13.32785732546708,75.57494607546708,75.57494607546708,2024-01-19 22:45:00+00:00,2024-01-19 23:45:00+01:00
2024-01-19T23:00:00Z,2024-01-20T00:00:00+01:00,0.917831,3.671324,64.948221,66.0,60.576846,1.0979940165427395,-0.1801630165427394,84.83101771809206,-11.890759091820804,-12.36341262627124,72.94025862627126,72.94025862627124,1.2609136542542183,-0.3430826542542182,94.97201643842772,-22.643455180778403,-11.751715257649307,72.32856125764931,72.32856125764931,2024-01-19 23:00:00+00:00,2024-01-20 00:00:00+01:00
2024-01-19T23:15:00Z,2024-01-20T00:15:00+01:00,0.8933319999999999,3.5733279999999996,64.948221,66.0,58.959912,1.0979940165427395,-0.2046620165427396,84.83101771809206,-13.507693091820816,-12.36341262627124,71.32332462627124,71.32332462627124,1.2609136542542183,-0.3675816542542184,94.97201643842772,-24.260389180778414,-11.751715257649307,70.7116272576493,70.7116272576493,2024-01-19 23:15:00+00:00,2024-01-20 00:15:00+01:00
2024-01-19T23:30:00Z,2024-01-20T00:30:00+01:00,0.8722249999999998,3.4888999999999992,64.948221,66.0,57.56684999999999,1.0979940165427395,-0.2257690165427397,84.83101771809206,-14.900755091820823,-12.36341262627124,69.93026262627123,69.93026262627123,1.2609136542542183,-0.3886886542542185,94.97201643842772,-25.653451180778426,-11.751715257649307,69.3185652576493,69.3185652576493,2024-01-19 23:30:00+00:00,2024-01-20 00:30:00+01:00
2024-01-19T23:45:00Z,2024-01-20T00:45:00+01:00,0.846117,3.384468,64.948221,66.0,55.843722,1.0979940165427395,-0.2518770165427395,84.83101771809206,-16.623883091820808,-12.36341262627124,68.20713462627126,68.20713462627124,1.2609136542542183,-0.4147966542542183,94.97201643842772,-27.376579180778407,-11.751715257649307,67.59543725764931,67.59543725764931,2024-01-19 23:45:00+00:00,2024-01-20 00:45:00+01:00
2024-01-20T00:00:00Z,2024-01-20T01:00:00+01:00,0.8032879999999999,3.2131519999999996,59.916134,63.45,50.968623599999994,1.0979940165427395,-0.2947060165427396,84.83101771809206,-18.69909674963683,-15.163297368455233,66.13192096845523,66.13192096845523,1.2609136542542183,-0.4576256542542184,94.97201643842772,-29.03634776243016,-14.96704507599756,65.93566867599756,65.93566867599756,2024-01-20 00:00:00+00:00,2024-01-20 01:00:00+01:00
2024-01-20T00:15:00Z,2024-01-20T01:15:00+01:00,0.750223,3.000892,59.916134,63.45,47.60164935,1.0979940165427395,-0.3477710165427395,84.83101771809206,-22.066070999636825,-15.163297368455233,62.764946718455235,62.764946718455235,1.2609136542542183,-0.5106906542542183,94.97201643842772,-32.40332201243015,-14.96704507599756,62.56869442599756,62.56869442599756,2024-01-20 00:15:00+00:00,2024-01-20 01:15:00+01:00
2024-01-20T00:30:00Z,2024-01-20T01:30:00+01:00,0.695899,2.783596,59.916134,63.45,44.154791550000006,1.0979940165427395,-0.4020950165427395,84.83101771809206,-25.51292879963682,-15.163297368455233,59.31808891845523,59.31808891845524,1.2609136542542183,-0.5650146542542183,94.97201643842772,-35.85017981243015,-14.96704507599756,59.12183662599757,59.12183662599757,2024-01-20 00:30:00+00:00,2024-01-20 01:30:00+01:00
2024-01-20T00:45:00Z,2024-01-20T01:45:00+01:00,0.647911,2.591644,59.916134,63.45,41.10995295,1.0979940165427395,-0.4500830165427395,84.83101771809206,-28.557767399636823,-15.163297368455233,56.27325031845523,56.27325031845523,1.2609136542542183,-0.6130026542542183,94.97201643842772,-38.895018412430154,-14.96704507599756,56.07699802599756,56.07699802599756,2024-01-20 00:45:00+00:00,2024-01-20 01:45:00+01:00
2024-01-20T01:00:00Z,2024-01-20T02:00:00+01:00,0.614171,2.456684,60.000119,63.54,39.02442534,1.0979940165427395,-0.4838230165427395,84.83101771809206,-30.742114471125667,-15.064477906966388,54.08890324696639,54.08890324696639,1.2609136542542183,-0.6467426542542183,94.97201643842772,-41.09402825131303,-14.853562847114688,53.87798818711469,53.87798818711469,2024-01-20 01:00:00+00:00,2024-01-20 02:00:00+01:00
2024-01-20T01:15:00Z,2024-01-20T02:15:00+01:00,0.593371,2.373484,60.000119,63.54,37.70279334,1.0979940165427395,-0.5046230165427396,84.83101771809206,-32.06374647112567,-15.064477906966388,52.76727124696639,52.76727124696639,1.2609136542542183,-0.6675426542542183,94.97201643842772,-42.415660251313035,-14.853562847114688,52.55635618711468,52.55635618711469,2024-01-20 01:15:00+00:00,2024-01-20 02:15:00+01:00
2024-01-20T01:30:00Z,2024-01-20T02:30:00+01:00,0.581309,2.325236,60.000119,63.54,36.93637386,1.0979940165427395,-0.5166850165427396,84.83101771809206,-32.83016595112567,-15.064477906966388,52.000851766966385,52.000851766966385,1.2609136542542183,-0.6796046542542183,94.97201643842772,-43.18207973131303,-14.853562847114688,51.78993670711469,51.78993670711469,2024-01-20 01:30:00+00:00,2024-01-20 02:30:00+01:00
2024-01-20T01:45:00Z,2024-01-20T02:45:00+01:00,0.573187,2.292748,60.000119,63.54,36.42030198,1.0979940165427395,-0.5248070165427395,84.83101771809206,-33.34623783112567,-15.064477906966388,51.484779886966386,51.484779886966386,1.2609136542542183,-0.6877266542542183,94.97201643842772,-43.69815161131303,-14.853562847114688,51.273864827114686,51.273864827114686,2024-01-20 01:45:00+00:00,2024-01-20 02:45:00+01:00
2024-01-20T02:00:00Z,2024-01-20T03:00:00+01:00,0.566844,2.267376,57.529566,61.82,35.04229608,1.0979940165427395,-0.5311500165427395,84.83101771809206,-32.83569402267216,-16.9530276154199,51.9953236954199,51.9953236954199,1.2609136542542183,-0.6940696542542183,94.97201643842772,-42.90738602599578,-17.02233433243194,52.06463041243194,52.06463041243194,2024-01-20 02:00:00+00:00,2024-01-20 03:00:00+01:00
2024-01-20T02:15:00Z,2024-01-20T03:15:00+01:00,0.562121,2.248484,57.529566,61.82,34.75032022,1.0979940165427395,-0.5358730165427396,84.83101771809206,-33.12766988267216,-16.9530276154199,51.7033478354199,51.7033478354199,1.2609136542542183,-0.6987926542542183,94.97201643842772,-43.19936188599578,-17.02233433243194,51.77265455243194,51.77265455243194,2024-01-20 02:15:00+00:00,2024-01-20 03:15:00+01:00
2024-01-20T02:30:00Z,2024-01-20T03:30:00+01:00,0.557792,2.231168,57.529566,61.82,34.48270144,1.0979940165427395,-0.5402020165427396,84.83101771809206,-33.39528866267216,-16.9530276154199,51.4357290554199,51.4357290554199,1.2609136542542183,-0.7031216542542184,94.97201643842772,-43.46698066599578,-17.02233433243194,51.50503577243194,51.50503577243194,2024-01-20 02:30:00+00:00,2024-01-20 03:30:00+01:00
2024-01-20T02:45:00Z,2024-01-20T03:45:00+01:00,0.553682,2.214728,57.529566,61.82,34.22862124,1.0979940165427395,-0.5443120165427395,84.83101771809206,-33.649368862672155,-16.9530276154199,51.1816488554199,51.1816488554199,1.2609136542542183,-0.7072316542542183,94.97201643842772,-43.721060865995774,-17.02233433243194,51.25095557243194,51.25095557243194,2024-01-20 02:45:00+00:00,2024-01-20 03:45:00+01:00
2024-01-20T03:00:00Z,2024-01-20T04:00:00+01:00,0.550888,2.203552,54.254161,61.85,34.072422800000005,1.0979940165427395,-0.5471060165427395,84.83101771809206,-33.83850712316844,-16.920087794923617,50.992510594923615,50.99251059492362,1.2609136542542183,-0.7100256542542183,94.97201643842772,-43.9150867156234,-16.984506922804314,51.05692972280431,51.05692972280432,2024-01-20 03:00:00+00:00,2024-01-20 04:00:00+01:00
2024-01-20T03:15:00Z,2024-01-20T04:15:00+01:00,0.548442,2.193768,54.254161,61.85,33.9211377,1.0979940165427395,-0.5495520165427396,84.83101771809206,-33.98979222316844,-16.920087794923617,50.84122549492361,50.84122549492362,1.2609136542542183,-0.7124716542542183,94.97201643842772,-44.066371815623405,-16.984506922804314,50.90564462280431,50.90564462280432,2024-01-20 03:15:00+00:00,2024-01-20 04:15:00+01:00
2024-01-20T03:30:00Z,2024-01-20T04:30:00+01:00,0.547381,2.189524,54.254161,61.85,33.85551485,1.0979940165427395,-0.5506130165427395,84.83101771809206,-34.05541507316844,-16.920087794923617,50.775602644923616,50.775602644923616,1.2609136542542183,-0.7135326542542183,94.97201643842772,-44.1319946656234,-16.984506922804314,50.84002177280431,50.84002177280431,2024-01-20 03:30:00+00:00,2024-01-20 04:30:00+01:00
2024-01-20T03:45:00Z,2024-01-20T04:45:00+01:00,0.549067,2.196268,54.254161,61.85,33.95979395,1.0979940165427395,-0.5489270165427396,84.83101771809206,-33.95113597316844,-16.920087794923617,50.879881744923615,50.879881744923615,1.2609136542542183,-0.7118466542542183,94.97201643842772,-44.0277155656234,-16.984506922804314,50.94430087280431,50.94430087280431,2024-01-20 03:45:00+00:00,2024-01-20 04:45:00+01:00
2024-01-20T04:00:00Z,2024-01-20T05:00:00+01:00,0.553466,2.213864,55.709896,61.75,34.176525500000004,1.0979940165427395,-0.5445280165427395,84.83101771809206,-33.624605021514164,-17.02988719657789,51.20641269657789,51.20641269657789,1.2609136542542183,-0.7074476542542183,94.97201643842772,-43.68489265019798,-17.11059828822974,51.287123788229735,51.28712378822974,2024-01-20 04:00:00+00:00,2024-01-20 05:00:00+01:00
2024-01-20T04:15:00Z,2024-01-20T05:15:00+01:00,0.562632,2.250528,55.709896,61.75,34.742526,1.0979940165427395,-0.5353620165427395,84.83101771809206,-33.05860452151416,-17.02988719657789,51.772413196577894,51.77241319657789,1.2609136542542183,-0.6982816542542183,94.97201643842772,-43.11889215019798,-17.11059828822974,51.853124288229736,51.853124288229736,2024-01-20 04:15:00+00:00,2024-01-20 05:15:00+01:00
2024-01-20T04:30:00Z,2024-01-20T05:30:00+01:00,0.578672,2.314688,55.709896,61.75,35.732996,1.0979940165427395,-0.5193220165427396,84.83101771809206,-32.06813452151417,-17.02988719657789,52.76288319657789,52.76288319657789,1.2609136542542183,-0.6822416542542183,94.97201643842772,-42.128422150197984,-17.11059828822974,52.84359428822973,52.84359428822974,2024-01-20 04:30:00+00:00,2024-01-20 05:30:00+01:00
2024-01-20T04:45:00Z,2024-01-20T05:45:00+01:00,0.604738,2.418952,55.709896,61.75,37.3425715,1.0979940165427395,-0.4932560165427395,84.83101771809206,-30.45855902151417,-17.02988719657789,54.372458696577894,54.37245869657789,1.2609136542542183,-0.6561756542542183,94.97201643842772,-40.51884665019798,-17.11059828822974,54.45316978822974,54.45316978822974,2024-01-20 04:45:00+00:00,2024-01-20 05:45:00+01:00
2024-01-20T05:00:00Z,2024-01-20T06:00:00+01:00,0.643079,2.572316,57.158634,62.59,40.25031461,1.0979940165427395,-0.4549150165427396,84.83101771809206,-28.47313088541007,-16.10757222268198,56.357886832681984,56.35788683268198,1.2609136542542183,-0.6178346542542184,94.97201643842772,-38.670271009771525,-16.051430818656186,56.30174542865619,56.30174542865618,2024-01-20 05:00:00+00:00,2024-01-20 06:00:00+01:00
2024-01-20T05:15:00Z,2024-01-20T06:15:00+01:00,0.695479,2.781916,57.158634,62.59,43.53003061,1.0979940165427395,-0.4025150165427396,84.83101771809206,-25.19341488541007,-16.10757222268198,59.637602832681985,59.63760283268198,1.2609136542542183,-0.5654346542542183,94.97201643842772,-35.390555009771525,-16.051430818656186,59.58146142865619,59.58146142865618,2024-01-20 05:15:00+00:00,2024-01-20 06:15:00+01:00
2024-01-20T05:30:00Z,2024-01-20T06:30:00+01:00,0.7637050000000001,3.0548200000000003,57.158634,62.59,47.800295950000006,1.0979940165427395,-0.3342890165427394,84.83101771809206,-20.923149545410062,-16.10757222268198,63.907868172681994,63.90786817268199,1.2609136542542183,-0.4972086542542182,94.97201643842772,-31.12028966977152,-16.051430818656186,63.85172676865619,63.85172676865619,2024-01-20 05:30:00+00:00,2024-01-20 06:30:00+01:00
2024-01-20T05:45:00Z,2024-01-20T06:45:00+01:00,0.8472580000000001,3.3890320000000003,57.158634,62.59,53.02987822000001,1.0979940165427395,-0.2507360165427394,84.83101771809206,-15.693567275410064,-16.10757222268198,69.137450442682,69.137450442682,1.2609136542542183,-0.4136556542542182,94.97201643842772,-25.89070739977152,-16.051430818656186,69.0813090386562,69.0813090386562,2024-01-20 05:45:00+00:00,2024-01-20 06:45:00+01:00
2024-01-20T06:00:00Z,2024-01-20T07:00:00+01:00,0.948726,3.794904,59.923133,66.9,63.46976940000001,1.0979940165427395,-0.1492680165427394,84.83101771809206,-9.98603030670927,-11.37521801138277,74.84498741138279,74.84498741138279,1.2609136542542183,-0.3121876542542182,94.97201643842772,-20.885354069607203,-10.616892968820508,74.08666236882051,74.08666236882053,2024-01-20 06:00:00+00:00,2024-01-20 07:00:00+01:00
2024-01-20T06:15:00Z,2024-01-20T07:15:00+01:00,1.065346,4.2613840000000005,59.923133,66.9,71.27164740000002,1.0979940165427395,-0.0326480165427394,84.83101771809206,-2.184152306709267,-11.37521801138277,82.64686541138279,82.64686541138279,1.2609136542542183,-0.1955676542542181,94.97201643842772,-13.083476069607196,-10.616892968820508,81.88854036882051,81.88854036882053,2024-01-20 06:15:00+00:00,2024-01-20 07:15:00+01:00
2024-01-20T06:30:00Z,2024-01-20T07:30:00+01:00,1.193788,4.775152,59.923133,66.9,79.8644172,1.0979940165427395,0.0957939834572605,84.83101771809206,6.4086174932907305,-11.37521801138277,91.2396352113828,91.23963521138278,1.2609136542542183,-0.0671256542542182,94.97201643842772,-4.4907062696072,-10.616892968820508,90.48131016882051,90.48131016882051,2024-01-20 06:30:00+00:00,2024-01-20 07:30:00+01:00
2024-01-20T06:45:00Z,2024-01-20T07:45:00+01:00,1.3298009999999998,5.319203999999999,59.923133,66.9,88.9636869,1.0979940165427395,0.2318069834572602,84.83101771809206,15.507887193290712,-11.37521801138277,100.33890491138276,100.33890491138276,1.2609136542542183,0.0688873457457814,94.97201643842772,4.608563430392781,-10.616892968820508,99.5805798688205,99.58057986882052,2024-01-20 06:45:00+00:00,2024-01-20 07:45:00+01:00
2024-01-20T07:00:00Z,2024-01-20T08:00:00+01:00,1.4703240000000002,5.881296000000001,68.020664,74.82,110.00964168,1.0979940165427395,0.3723299834572606,84.83101771809206,27.85772936227224,-2.6791054003642927,112.6887470803643,112.6887470803643,1.2609136542542183,0.2094103457457818,94.97201643842772,15.668082068699398,-0.6304568271271052,110.6400985071271,110.6400985071271,2024-01-20 07:00:00+00:00,2024-01-20 08:00:00+01:00
2024-01-20T07:15:00Z,2024-01-20T08:15:00+01:00,1.607082,6.4283280000000005,68.020664,74.82,120.24187524,1.0979940165427395,0.5090879834572606,84.83101771809206,38.089962922272235,-2.6791054003642927,122.92098064036428,122.92098064036428,1.2609136542542183,0.3461683457457818,94.97201643842772,25.900315628699392,-0.6304568271271052,120.8723320671271,120.8723320671271,2024-01-20 07:15:00+00:00,2024-01-20 08:15:00+01:00
2024-01-20T07:30:00Z,2024-01-20T08:30:00+01:00,1.729836,6.919344,68.020664,74.82,129.42632952,1.0979940165427395,0.6318419834572604,84.83101771809206,47.27441720227222,-2.6791054003642927,132.10543492036427,132.1054349203643,1.2609136542542183,0.4689223457457816,94.97201643842772,35.08476990869938,-0.6304568271271052,130.0567863471271,130.05678634712712,2024-01-20 07:30:00+00:00,2024-01-20 08:30:00+01:00
2024-01-20T07:45:00Z,2024-01-20T08:45:00+01:00,1.828748,7.314992,68.020664,74.82,136.82692536,1.0979940165427395,0.7307539834572605,84.83101771809206,54.67501304227223,-2.6791054003642927,139.5060307603643,139.5060307603643,1.2609136542542183,0.5678343457457817,94.97201643842772,42.48536574869939,-0.6304568271271052,137.4573821871271,137.4573821871271,2024-01-20 07:45:00+00:00,2024-01-20 08:45:00+01:00
2024-01-20T08:00:00Z,2024-01-20T09:00:00+01:00,1.8980749999999995,7.592299999999999,73.052751,77.9,147.8600425,1.0979940165427395,0.8000809834572602,84.83101771809206,62.32630861132058,0.7027161705873652,147.15732632941263,147.15732632941263,1.2609136542542183,0.6371613457457814,94.97201643842772,49.63486883359638,3.2531572279759047,144.6068852720241,144.6068852720241,2024-01-20 08:00:00+00:00,2024-01-20 09:00:00+01:00
2024-01-20T08:15:00Z,2024-01-20T09:15:00+01:00,1.942238,7.768952,73.052751,77.9,151.30034020000002,1.0979940165427395,0.8442439834572606,84.83101771809206,65.7666063113206,0.7027161705873652,150.59762402941266,150.59762402941266,1.2609136542542183,0.6813243457457818,94.97201643842772,53.07516653359641,3.2531572279759047,148.04718297202413,148.04718297202413,2024-01-20 08:15:00+00:00,2024-01-20 09:15:00+01:00
2024-01-20T08:30:00Z,2024-01-20T09:30:00+01:00,1.968533,7.874132,73.052751,77.9,153.3487207,1.0979940165427395,0.8705389834572603,84.83101771809206,67.81498681132058,0.7027161705873652,152.64600452941264,152.64600452941264,1.2609136542542183,0.7076193457457816,94.97201643842772,55.12354703359639,3.2531572279759047,150.0955634720241,150.09556347202408,2024-01-20 08:30:00+00:00,2024-01-20 09:30:00+01:00
2024-01-20T08:45:00Z,2024-01-20T09:45:00+01:00,1.984723,7.938892,73.052751,77.9,154.6099217,1.0979940165427395,0.8867289834572605,84.83101771809206,69.0761878113206,0.7027161705873652,153.90720552941264,153.90720552941264,1.2609136542542183,0.7238093457457817,94.97201643842772,56.3847480335964,3.2531572279759047,151.3567644720241,151.3567644720241,2024-01-20 08:45:00+00:00,2024-01-20 09:45:00+01:00
2024-01-20T09:00:00Z,2024-01-20T10:00:00+01:00,1.997073,7.988292,74.690455,71.8,143.3898414,1.0979940165427395,0.8990789834572603,84.83101771809206,64.55387101223128,-5.995047330323359,149.38488873032333,149.38488873032335,1.2609136542542183,0.7361593457457816,94.97201643842772,52.85624102454712,-4.438416062974838,147.82825746297482,147.82825746297482,2024-01-20 09:00:00+00:00,2024-01-20 10:00:00+01:00
2024-01-20T09:15:00Z,2024-01-20T10:15:00+01:00,2.009125,8.0365,74.690455,71.8,144.255175,1.0979940165427395,0.9111309834572604,84.83101771809206,65.4192046122313,-5.995047330323359,150.25022233032337,150.25022233032337,1.2609136542542183,0.7482113457457817,94.97201643842772,53.72157462454712,-4.438416062974838,148.69359106297483,148.69359106297486,2024-01-20 09:15:00+00:00,2024-01-20 10:15:00+01:00
2024-01-20T09:30:00Z,2024-01-20T10:30:00+01:00,2.021525,8.0861,74.690455,71.8,145.14549499999998,1.0979940165427395,0.9235309834572604,84.83101771809206,66.3095246122313,-5.995047330323359,151.14054233032334,151.14054233032334,1.2609136542542183,0.7606113457457817,94.97201643842772,54.611894624547126,-4.438416062974838,149.58391106297483,149.58391106297483,2024-01-20 09:30:00+00:00,2024-01-20 10:30:00+01:00
2024-01-20T09:45:00Z,2024-01-20T10:45:00+01:00,2.03693,8.14772,74.690455,71.8,146.25157399999998,1.0979940165427395,0.9389359834572604,84.83101771809206,67.4156036122313,-5.995047330323359,152.24662133032336,152.24662133032334,1.2609136542542183,0.7760163457457816,94.97201643842772,55.71797362454711,-4.438416062974838,150.68999006297483,150.6899900629748,2024-01-20 09:45:00+00:00,2024-01-20 10:45:00+01:00
2024-01-20T10:00:00Z,2024-01-20T11:00:00+01:00,2.0567729999999997,8.227091999999999,76.923049,70.77,145.55782520999998,1.0979940165427395,0.9587789834572602,84.83101771809206,67.8527886592703,-7.125981167362383,152.68380637736237,152.68380637736237,1.2609136542542183,0.7958593457457814,94.97201643842772,56.32296589842895,-5.737157126856687,151.29498233685666,151.29498233685666,2024-01-20 10:00:00+00:00,2024-01-20 11:00:00+01:00
2024-01-20T10:15:00Z,2024-01-20T11:15:00+01:00,2.079772,8.319088,76.923049,70.77,147.18546444,1.0979940165427395,0.9817779834572606,84.83101771809206,69.48042788927033,-7.125981167362383,154.31144560736237,154.31144560736237,1.2609136542542183,0.8188583457457819,94.97201643842772,57.95060512842898,-5.737157126856687,152.9226215668567,152.9226215668567,2024-01-20 10:15:00+00:00,2024-01-20 11:15:00+01:00
2024-01-20T10:30:00Z,2024-01-20T11:30:00+01:00,2.106929,8.427716,76.923049,70.77,149.10736533,1.0979940165427395,1.0089349834572603,84.83101771809206,71.40232877927032,-7.125981167362383,156.2333464973624,156.2333464973624,1.2609136542542183,0.8460153457457817,94.97201643842772,59.87250601842897,-5.737157126856687,154.84452245685668,154.84452245685668,2024-01-20 10:30:00+00:00,2024-01-20 11:30:00+01:00
2024-01-20T10:45:00Z,2024-01-20T11:45:00+01:00,2.136584,8.546336,76.923049,70.77,151.20604968,1.0979940165427395,1.0385899834572605,84.83101771809206,73.50101312927032,-7.125981167362383,158.33203084736238,158.33203084736238,1.2609136542542183,0.8756703457457817,94.97201643842772,61.97119036842897,-5.737157126856687,156.9432068068567,156.9432068068567,2024-01-20 10:45:00+00:00,2024-01-20 11:45:00+01:00
2024-01-20T11:00:00Z,2024-01-20T12:00:00+01:00,2.1665430000000003,8.666172000000001,76.412142,67.73,146.73995739000003,1.0979940165427395,1.0685489834572608,84.83101771809206,72.37282264956028,-10.463882977652304,157.20384036765233,157.20384036765233,1.2609136542542183,0.905629345745782,94.97201643842772,61.33827558736182,-9.570334635789507,156.31029202578952,156.31029202578952,2024-01-20 11:00:00+00:00,2024-01-20 12:00:00+01:00
2024-01-20T11:15:00Z,2024-01-20T12:15:00+01:00,2.193493,8.773972,76.412142,67.73,148.56528089000005,1.0979940165427395,1.0954989834572606,84.83101771809206,74.19814614956026,-10.463882977652304,159.0291638676523,159.02916386765233,1.2609136542542183,0.9325793457457818,94.97201643842772,63.16359908736181,-9.570334635789507,158.13561552578952,158.13561552578955,2024-01-20 11:15:00+00:00,2024-01-20 12:15:00+01:00
2024-01-20T11:30:00Z,2024-01-20T12:30:00+01:00,2.209676,8.838704,76.412142,67.73,149.66135548,1.0979940165427395,1.1116819834572604,84.83101771809206,75.29422073956026,-10.463882977652304,160.1252384576523,160.1252384576523,1.2609136542542183,0.9487623457457816,94.97201643842772,64.25967367736179,-9.570334635789507,159.2316901157895,159.2316901157895,2024-01-20 11:30:00+00:00,2024-01-20 12:30:00+01:00
2024-01-20T11:45:00Z,2024-01-20T12:45:00+01:00,2.211866,8.847464,76.412142,67.73,149.80968418,1.0979940165427395,1.1138719834572606,84.83101771809206,75.44254943956027,-10.463882977652304,160.27356715765234,160.2735671576523,1.2609136542542183,0.9509523457457818,94.97201643842772,64.40800237736181,-9.570334635789507,159.38001881578953,159.38001881578953,2024-01-20 11:45:00+00:00,2024-01-20 12:45:00+01:00
2024-01-20T12:00:00Z,2024-01-20T13:00:00+01:00,2.194307,8.777228000000001,70.869147,68.78,150.92443546,1.0979940165427395,1.0963129834572607,84.83101771809206,75.4044070021904,-9.310989260282426,160.23542472028245,160.23542472028242,1.2609136542542183,0.933393345745782,94.97201643842772,64.19879432039488,-8.246375298822585,159.1708107588226,159.1708107588226,2024-01-20 12:00:00+00:00,2024-01-20 13:00:00+01:00
2024-01-20T12:15:00Z,2024-01-20T13:15:00+01:00,2.1609909999999997,8.643963999999999,70.869147,68.78,148.63296097999998,1.0979940165427395,1.06299698345726,84.83101771809206,73.11293252219035,-9.310989260282426,157.9439502402824,157.9439502402824,1.2609136542542183,0.9000773457457814,94.97201643842772,61.90731984039484,-8.246375298822585,156.87933627882256,156.87933627882256,2024-01-20 12:15:00+00:00,2024-01-20 13:15:00+01:00
2024-01-20T12:30:00Z,2024-01-20T13:30:00+01:00,2.1151950000000004,8.460780000000002,70.869147,68.78,145.48311210000003,1.0979940165427395,1.0172009834572608,84.83101771809206,69.9630836421904,-9.310989260282426,154.79410136028247,154.79410136028247,1.2609136542542183,0.8542813457457821,94.97201643842772,58.75747096039489,-8.246375298822585,153.7294873988226,153.7294873988226,2024-01-20 12:30:00+00:00,2024-01-20 13:30:00+01:00
2024-01-20T12:45:00Z,2024-01-20T13:45:00+01:00,2.0618510000000003,8.247404000000001,70.869147,68.78,141.81411178000002,1.0979940165427395,0.9638569834572608,84.83101771809206,66.2940833221904,-9.310989260282426,151.12510104028246,151.12510104028246,1.2609136542542183,0.800937345745782,94.97201643842772,55.08847064039489,-8.246375298822585,150.0604870788226,150.0604870788226,2024-01-20 12:45:00+00:00,2024-01-20 13:45:00+01:00
2024-01-20T13:00:00Z,2024-01-20T14:00:00+01:00,2.004999,8.019995999999999,69.58838,73.39,147.14687661,1.0979940165427395,0.9070049834572602,84.83101771809206,66.56509573592832,-4.249236844020402,151.3961134540204,151.3961134540204,1.2609136542542183,0.7440853457457814,94.97201643842772,54.6084235242829,-2.4335633527106353,149.5804399627106,149.5804399627106,2024-01-20 13:00:00+00:00,2024-01-20 14:00:00+01:00
2024-01-20T13:15:00Z,2024-01-20T14:15:00+01:00,1.949093,7.796372,69.58838,73.39,143.04393527,1.0979940165427395,0.8510989834572604,84.83101771809206,62.462154395928344,-4.249236844020402,147.2931721140204,147.2931721140204,1.2609136542542183,0.6881793457457817,94.97201643842772,50.50548218428292,-2.4335633527106353,145.47749862271064,145.47749862271064,2024-01-20 13:15:00+00:00,2024-01-20 14:15:00+01:00
2024-01-20T13:30:00Z,2024-01-20T14:30:00+01:00,1.894943,7.579772,69.58838,73.39,139.06986677,1.0979940165427395,0.7969489834572605,84.83101771809206,58.48808589592835,-4.249236844020402,143.3191036140204,143.3191036140204,1.2609136542542183,0.6340293457457817,94.97201643842772,46.53141368428293,-2.4335633527106353,141.50343012271065,141.50343012271065,2024-01-20 13:30:00+00:00,2024-01-20 14:30:00+01:00
2024-01-20T13:45:00Z,2024-01-20T14:45:00+01:00,1.846809,7.387236,69.58838,73.39,135.53731251,1.0979940165427395,0.7488149834572604,84.83101771809206,54.95553163592834,-4.249236844020402,139.7865493540204,139.7865493540204,1.2609136542542183,0.5858953457457816,94.97201643842772,42.99885942428291,-2.4335633527106353,137.9708758627106,137.9708758627106,2024-01-20 13:45:00+00:00,2024-01-20 14:45:00+01:00
2024-01-20T14:00:00Z,2024-01-20T15:00:00+01:00,1.806084,7.224336,71.541025,79.11,142.87930524,1.0979940165427395,0.7080899834572605,84.83101771809206,56.016998591303874,2.031288930604063,140.84801630939592,140.84801630939594,1.2609136542542183,0.5451703457457817,94.97201643842772,43.12842605194879,4.778862749623499,138.1004424903765,138.1004424903765,2024-01-20 14:00:00+00:00,2024-01-20 15:00:00+01:00
2024-01-20T14:15:00Z,2024-01-20T15:15:00+01:00,1.77316,7.09264,71.541025,79.11,140.2746876,1.0979940165427395,0.6751659834572605,84.83101771809206,53.41238095130388,2.031288930604063,138.24339866939593,138.24339866939593,1.2609136542542183,0.5122463457457818,94.97201643842772,40.52380841194879,4.778862749623499,135.4958248503765,135.4958248503765,2024-01-20 14:15:00+00:00,2024-01-20 15:15:00+01:00
2024-01-20T14:30:00Z,2024-01-20T15:30:00+01:00,1.7472530000000002,6.989012000000001,71.541025,79.11,138.22518483000002,1.0979940165427395,0.6492589834572606,84.83101771809206,51.36287818130389,2.031288930604063,136.19389589939595,136.19389589939595,1.2609136542542183,0.4863393457457818,94.97201643842772,38.4743056419488,4.778862749623499,133.44632208037652,133.44632208037652,2024-01-20 14:30:00+00:00,2024-01-20 15:30:00+01:00
2024-01-20T14:45:00Z,2024-01-20T15:45:00+01:00,1.7284229999999998,6.913691999999999,71.541025,79.11,136.73554352999997,1.0979940165427395,0.6304289834572603,84.83101771809206,49.87323688130386,2.031288930604063,134.7042545993959,134.7042545993959,1.2609136542542183,0.4675093457457815,94.97201643842772,36.98466434194877,4.778862749623499,131.95668078037647,131.95668078037647,2024-01-20 14:45:00+00:00,2024-01-20 15:45:00+01:00
2024-01-20T15:00:00Z,2024-01-20T16:00:00+01:00,1.717023,6.868092,79.155645,87.8,150.7546194,1.0979940165427395,0.6190289834572604,84.83101771809206,54.350744747547466,11.572856934360471,139.1817624656395,139.1817624656395,1.2609136542542183,0.4561093457457816,94.97201643842772,40.046400556479625,15.736202405092657,135.01841699490734,135.01841699490734,2024-01-20 15:00:00+00:00,2024-01-20 16:00:00+01:00
2024-01-20T15:15:00Z,2024-01-20T16:15:00+01:00,1.722674,6.890696,79.155645,87.8,151.2507772,1.0979940165427395,0.6246799834572605,84.83101771809206,54.84690254754747,11.572856934360471,139.67792026563953,139.6779202656395,1.2609136542542183,0.4617603457457817,94.97201643842772,40.54255835647963,15.736202405092657,135.51457479490733,135.51457479490733,2024-01-20 15:15:00+00:00,2024-01-20 16:15:00+01:00
2024-01-20T15:30:00Z,2024-01-20T16:30:00+01:00,1.757639,7.030556,79.155645,87.8,154.3207042,1.0979940165427395,0.6596449834572604,84.83101771809206,57.916829547547465,11.572856934360471,142.7478472656395,142.7478472656395,1.2609136542542183,0.4967253457457816,94.97201643842772,43.612485356479624,15.736202405092657,138.58450179490734,138.58450179490734,2024-01-20 15:30:00+00:00,2024-01-20 16:30:00+01:00
2024-01-20T15:45:00Z,2024-01-20T16:45:00+01:00,1.833905,7.33562,79.155645,87.8,161.01685899999998,1.0979940165427395,0.7359109834572604,84.83101771809206,64.61298434754745,11.572856934360471,149.4440020656395,149.4440020656395,1.2609136542542183,0.5729913457457816,94.97201643842772,50.30864015647962,15.736202405092657,145.28065659490733,145.28065659490733,2024-01-20 15:45:00+00:00,2024-01-20 16:45:00+01:00
2024-01-20T16:00:00Z,2024-01-20T17:00:00+01:00,1.956432,7.825728,86.84725,94.93,185.72408976,1.0979940165427395,0.8584379834572604,84.83101771809206,81.49151776959773,19.40155427231022,166.32253548768978,166.32253548768978,1.2609136542542183,0.6955183457457816,94.97201643842772,66.02555656164705,24.726516759925232,160.99757300007477,160.99757300007477,2024-01-20 16:00:00+00:00,2024-01-20 17:00:00+01:00
2024-01-20T16:15:00Z,2024-01-20T17:15:00+01:00,2.1074149999999996,8.429659999999998,86.84725,94.93,200.05690595,1.0979940165427395,1.00942098345726,84.83101771809206,95.82433395959772,19.40155427231022,180.65535167768977,180.65535167768977,1.2609136542542183,0.8465013457457813,94.97201643842772,80.35837275164702,24.726516759925232,175.33038919007475,175.33038919007475,2024-01-20 16:15:00+00:00,2024-01-20 17:15:00+01:00
2024-01-20T16:30:00Z,2024-01-20T17:30:00+01:00,2.261042,9.044168,86.84725,94.93,214.64071706,1.0979940165427395,1.1630479834572602,84.83101771809206,110.40814506959772,19.40155427231022,195.2391627876898,195.23916278768976,1.2609136542542183,1.0001283457457817,94.97201643842772,94.94218386164704,24.726516759925232,189.91420030007475,189.91420030007475,2024-01-20 16:30:00+00:00,2024-01-20 17:30:00+01:00
2024-01-20T16:45:00Z,2024-01-20T17:45:00+01:00,2.3907839999999996,9.563135999999998,86.84725,94.93,226.95712511999997,1.0979940165427395,1.29278998345726,84.83101771809206,122.72455312959772,19.40155427231022,207.55557084768975,207.55557084768975,1.2609136542542183,1.1298703457457813,94.97201643842772,107.25859192164702,24.726516759925232,202.2306083600747,202.2306083600747,2024-01-20 16:45:00+00:00,2024-01-20 17:45:00+01:00
2024-01-20T17:00:00Z,2024-01-20T18:00:00+01:00,2.479073,9.916292,89.086844,99.87,247.58502051,1.0979940165427395,1.3810789834572603,84.83101771809206,137.92835807787662,24.82564471403134,222.75937579596868,222.75937579596868,1.2609136542542183,1.2181593457457818,94.97201643842772,121.65757385963124,30.95543021194108,216.62959029805893,216.62959029805893,2024-01-20 17:00:00+00:00,2024-01-20 18:00:00+01:00
2024-01-20T17:15:00Z,2024-01-20T18:15:00+01:00,2.530319,10.121276,89.086844,99.87,252.70295853,1.0979940165427395,1.4323249834572604,84.83101771809206,143.04629609787662,24.82564471403134,227.87731381596868,227.87731381596868,1.2609136542542183,1.2694053457457817,94.97201643842772,126.77551187963122,30.95543021194108,221.74752831805893,221.74752831805893,2024-01-20 17:15:00+00:00,2024-01-20 18:15:00+01:00
2024-01-20T17:30:00Z,2024-01-20T18:30:00+01:00,2.559148,10.236592,89.086844,99.87,255.58211076,1.0979940165427395,1.4611539834572604,84.83101771809206,145.9254483278766,24.82564471403134,230.75646604596864,230.75646604596864,1.2609136542542183,1.2982343457457817,94.97201643842772,129.65466410963123,30.95543021194108,224.62668054805897,224.6266805480589,2024-01-20 17:30:00+00:00,2024-01-20 18:30:00+01:00
2024-01-20T17:45:00Z,2024-01-20T18:45:00+01:00,2.5768609999999996,10.307443999999998,89.086844,99.87,257.35110806999995,1.0979940165427395,1.47886698345726,84.83101771809206,147.69444563787658,24.82564471403134,232.52546335596864,232.5254633559686,1.2609136542542183,1.315947345745781,94.97201643842772,131.42366141963117,30.95543021194108,226.3956778580589,226.3956778580589,2024-01-20 17:45:00+00:00,2024-01-20 18:45:00+01:00
2024-01-20T18:00:00Z,2024-01-20T19:00:00+01:00,2.592652,10.370608,86.161374,91.57,237.40914364,1.0979940165427395,1.4946579834572606,84.83101771809206,136.86583154518135,15.71229437672659,221.6968492632734,221.6968492632734,1.2609136542542183,1.331738345745782,94.97201643842772,121.94728031994124,20.489846881631053,216.91929675836897,216.91929675836897,2024-01-20 18:00:00+00:00,2024-01-20 19:00:00+01:00
2024-01-20T18:15:00Z,2024-01-20T19:15:00+01:00,2.5935349999999997,10.37414,86.161374,91.57,237.4899999499999,1.0979940165427395,1.4955409834572602,84.83101771809206,136.9466878551813,15.71229437672659,221.77770557327335,221.77770557327335,1.2609136542542183,1.3326213457457814,94.97201643842772,122.0281366299412,20.489846881631053,217.0001530683689,217.0001530683689,2024-01-20 18:15:00+00:00,2024-01-20 19:15:00+01:00
2024-01-20T18:30:00Z,2024-01-20T19:30:00+01:00,2.564997,10.259988,86.161374,91.57,234.87677529,1.0979940165427395,1.4670029834572604,84.83101771809206,134.33346319518134,15.71229437672659,219.1644809132734,219.1644809132734,1.2609136542542183,1.3040833457457817,94.97201643842772,119.41491196994122,20.489846881631053,214.38692840836893,214.38692840836893,2024-01-20 18:30:00+00:00,2024-01-20 19:30:00+01:00
2024-01-20T18:45:00Z,2024-01-20T19:45:00+01:00,2.489629,9.958516,86.161374,91.57,227.97532752999996,1.0979940165427395,1.3916349834572603,84.83101771809206,127.43201543518131,15.71229437672659,212.26303315327337,212.26303315327337,1.2609136542542183,1.2287153457457816,94.97201643842772,112.5134642099412,20.489846881631053,207.4854806483689,207.4854806483689,2024-01-20 18:45:00+00:00,2024-01-20 19:45:00+01:00
2024-01-20T19:00:00Z,2024-01-20T20:00:00+01:00,2.3599099999999997,9.43964,79.162644,81.97,193.4418227,1.0979940165427395,1.2619159834572602,84.83101771809206,103.43925316399162,5.171551817916296,188.27027088208368,188.2702708820837,1.2609136542542183,1.0989963457457814,94.97201643842772,90.0847304607817,8.38507580079056,185.05674689920943,185.05674689920943,2024-01-20 19:00:00+00:00,2024-01-20 20:00:00+01:00
2024-01-20T19:15:00Z,2024-01-20T20:15:00+01:00,2.195242,8.780968,79.162644,81.97,179.94398674,1.0979940165427395,1.0972479834572604,84.83101771809206,89.94141720399163,5.171551817916296,174.77243492208368,174.77243492208368,1.2609136542542183,0.9343283457457816,94.97201643842772,76.58689450078171,8.38507580079056,171.55891093920943,171.55891093920943,2024-01-20 19:15:00+00:00,2024-01-20 20:15:00+01:00
2024-01-20T19:30:00Z,2024-01-20T20:30:00+01:00,2.02163,8.08652,79.162644,81.97,165.7130111,1.0979940165427395,0.9236359834572604,84.83101771809206,75.71044156399164,5.171551817916296,160.54145928208368,160.54145928208368,1.2609136542542183,0.7607163457457817,94.97201643842772,62.35591886078173,8.38507580079056,157.32793529920946,157.32793529920943,2024-01-20 19:30:00+00:00,2024-01-20 20:30:00+01:00
2024-01-20T19:45:00Z,2024-01-20T20:45:00+01:00,1.867575,7.4703,79.162644,81.97,153.08512275,1.0979940165427395,0.7695809834572604,84.83101771809206,63.08255321399164,5.171551817916296,147.9135709320837,147.9135709320837,1.2609136542542183,0.6066613457457817,94.97201643842772,49.72803051078172,8.38507580079056,144.70004694920942,144.70004694920945,2024-01-20 19:45:00+00:00,2024-01-20 20:45:00+01:00
2024-01-20T20:00:00Z,2024-01-20T21:00:00+01:00,1.752446,7.009784,72.940772,75.74,132.73026004,1.0979940165427395,0.6544519834572604,84.83101771809206,49.5681932270529,-1.6689509051449676,134.39921094514494,134.39921094514494,1.2609136542542183,0.4915323457457816,94.97201643842772,37.2286598667855,0.5295837347867689,132.20067630521322,132.20067630521322,2024-01-20 20:00:00+00:00,2024-01-20 21:00:00+01:00
2024-01-20T20:15:00Z,2024-01-20T21:15:00+01:00,1.6724480000000002,6.689792000000001,72.940772,75.74,126.67121152,1.0979940165427395,0.5744539834572606,84.83101771809206,43.50914470705292,-1.6689509051449676,128.34016242514497,128.34016242514497,1.2609136542542183,0.4115343457457818,94.97201643842772,31.169611346785516,0.5295837347867689,126.14162778521325,126.14162778521325,2024-01-20 20:15:00+00:00,2024-01-20 21:15:00+01:00
2024-01-20T20:30:00Z,2024-01-20T21:30:00+01:00,1.6190939999999998,6.476375999999999,72.940772,75.74,122.63017955999996,1.0979940165427395,0.5210999834572603,84.83101771809206,39.46811274705289,-1.6689509051449676,124.29913046514494,124.29913046514494,1.2609136542542183,0.3581803457457815,94.97201643842772,27.12857938678549,0.5295837347867689,122.1005958252132,122.1005958252132,2024-01-20 20:30:00+00:00,2024-01-20 21:30:00+01:00
2024-01-20T20:45:00Z,2024-01-20T21:45:00+01:00,1.5828730000000002,6.331492000000001,72.940772,75.74,119.88680102,1.0979940165427395,0.4848789834572606,84.83101771809206,36.72473420705292,-1.6689509051449676,121.55575192514496,121.55575192514496,1.2609136542542183,0.3219593457457819,94.97201643842772,24.38520084678552,0.5295837347867689,119.35721728521324,119.35721728521324,2024-01-20 20:45:00+00:00,2024-01-20 21:45:00+01:00
2024-01-20T21:00:00Z,2024-01-20T22:00:00+01:00,1.554334,6.2173359999999995,72.023938,74.68,116.07766312,1.0979940165427395,0.4563399834572603,84.83101771809206,34.079469964588206,-2.8328245626802584,118.91048768268028,118.91048768268026,1.2609136542542183,0.2934203457457816,94.97201643842772,21.91263142029497,-0.80698473872269,116.88464785872269,116.88464785872269,2024-01-20 21:00:00+00:00,2024-01-20 22:00:00+01:00
2024-01-20T21:15:00Z,2024-01-20T22:15:00+01:00,1.526848,6.107392,72.023938,74.68,114.02500864,1.0979940165427395,0.4288539834572604,84.83101771809206,32.02681548458821,-2.8328245626802584,116.85783320268028,116.85783320268028,1.2609136542542183,0.2659343457457817,94.97201643842772,19.859976940294978,-0.80698473872269,114.8319933787227,114.8319933787227,2024-01-20 21:15:00+00:00,2024-01-20 22:15:00+01:00
2024-01-20T21:30:00Z,2024-01-20T22:30:00+01:00,1.49384,5.97536,72.023938,74.68,111.55997120000002,1.0979940165427395,0.3958459834572605,84.83101771809206,29.56177804458822,-2.8328245626802584,114.39279576268028,114.39279576268028,1.2609136542542183,0.2329263457457817,94.97201643842772,17.39493950029498,-0.80698473872269,112.3669559387227,112.36695593872273,2024-01-20 21:30:00+00:00,2024-01-20 22:30:00+01:00
2024-01-20T21:45:00Z,2024-01-20T22:45:00+01:00,1.450939,5.803756,72.023938,74.68,108.35612452,1.0979940165427395,0.3529449834572604,84.83101771809206,26.35793136458821,-2.8328245626802584,111.18894908268028,111.18894908268028,1.2609136542542183,0.1900253457457816,94.97201643842772,14.191092820294976,-0.80698473872269,109.1631092587227,109.1631092587227,2024-01-20 21:45:00+00:00,2024-01-20 22:45:00+01:00
2024-01-20T22:00:00Z,2024-01-20T23:00:00+01:00,1.3926899999999998,5.570759999999999,66.536933,69.13,96.27665969999998,1.0979940165427395,0.2946959834572602,84.83101771809206,20.3723333364004,-8.926691354492476,105.20335105449246,105.20335105449246,1.2609136542542183,0.1317763457457814,94.97201643842772,9.109698781405871,-7.805055519833616,104.08171521983358,104.0817152198336,2024-01-20 22:00:00+00:00,2024-01-20 23:00:00+01:00
2024-01-20T22:15:00Z,2024-01-20T23:15:00+01:00,1.321564,5.286256,66.536933,69.13,91.35971932,1.0979940165427395,0.2235699834572604,84.83101771809206,15.455392956400413,-8.926691354492476,100.28641067449249,100.28641067449249,1.2609136542542183,0.0606503457457816,94.97201643842772,4.192758401405885,-7.805055519833616,99.1647748398336,99.1647748398336,2024-01-20 22:15:00+00:00,2024-01-20 23:15:00+01:00
2024-01-20T22:30:00Z,2024-01-20T23:30:00+01:00,1.243873,4.975492,66.536933,69.13,85.98894048999999,1.0979940165427395,0.1458789834572604,84.83101771809206,10.084614126400416,-8.926691354492476,94.91563184449248,94.91563184449248,1.2609136542542183,-0.0170406542542183,94.97201643842772,-1.1780204285941112,-7.805055519833616,93.7939960098336,93.7939960098336,2024-01-20 22:30:00+00:00,2024-01-20 23:30:00+01:00
2024-01-20T22:45:00Z,2024-01-20T23:45:00+01:00,1.165247,4.660988,66.536933,69.13,80.55352511,1.0979940165427395,0.0672529834572603,84.83101771809206,4.64919874640041,-8.926691354492476,89.48021646449247,89.48021646449247,1.2609136542542183,-0.0956666542542183,94.97201643842772,-6.613435808594117,-7.805055519833616,88.3585806298336,88.35858062983361,2024-01-20 22:45:00+00:00,2024-01-20 23:45:00+01:00
2024-01-20T23:00:00Z,2024-01-21T00:00:00+01:00,1.087815,4.35126,64.948221,66.83,72.69867645,1.0979940165427395,-0.0101790165427395,84.83101771809206,-0.6802636755512849,-11.452077592540777,84.15075404254077,84.15075404254077,1.2609136542542183,-0.1730986542542183,94.97201643842772,-11.56818306380941,-10.705156924618308,83.4038333746183,83.4038333746183,2024-01-20 23:00:00+00:00,2024-01-21 00:00:00+01:00
2024-01-20T23:15:00Z,2024-01-21T00:15:00+01:00,1.013175,4.0527,64.948221,66.83,67.71048524999999,1.0979940165427395,-0.0848190165427396,84.83101771809206,-5.668454875551287,-11.452077592540777,79.16256284254077,79.16256284254077,1.2609136542542183,-0.2477386542542183,94.97201643842772,-16.556374263809413,-10.705156924618308,78.4156421746183,78.4156421746183,2024-01-20 23:15:00+00:00,2024-01-21 00:15:00+01:00
2024-01-20T23:30:00Z,2024-01-21T00:30:00+01:00,0.94231,3.76924,64.948221,66.83,62.97457730000001,1.0979940165427395,-0.1556840165427394,84.83101771809206,-10.404362825551276,-11.452077592540777,74.42665489254078,74.42665489254078,1.2609136542542183,-0.3186036542542182,94.97201643842772,-21.292282213809404,-10.705156924618308,73.67973422461831,73.67973422461831,2024-01-20 23:30:00+00:00,2024-01-21 00:30:00+01:00
2024-01-20T23:45:00Z,2024-01-21T00:45:00+01:00,0.8741500000000001,3.4966000000000004,64.948221,66.83,58.4194445,1.0979940165427395,-0.2238440165427394,84.83101771809206,-14.959495625551275,-11.452077592540777,69.87152209254077,69.87152209254077,1.2609136542542183,-0.3867636542542182,94.97201643842772,-25.847415013809403,-10.705156924618308,69.1246014246183,69.1246014246183,2024-01-20 23:45:00+00:00,2024-01-21 00:45:00+01:00
2024-01-21T00:00:00Z,2024-01-21T01:00:00+01:00,0.808654,3.234616,59.916134,57.55,46.5380377,1.0979940165427395,-0.2893400165427395,84.83101771809206,-16.65151795203466,-21.6414620660574,68.1794997660574,68.1794997660574,1.2609136542542183,-0.4522596542542183,94.97201643842772,-26.027543102330263,-22.406435636097456,68.94447333609745,68.94447333609745,2024-01-21 00:00:00+00:00,2024-01-21 01:00:00+01:00
2024-01-21T00:15:00Z,2024-01-21T01:15:00+01:00,0.748909,2.995636,59.916134,57.55,43.09971295,1.0979940165427395,-0.3490850165427395,84.83101771809206,-20.089842702034655,-21.6414620660574,64.7411750160574,64.7411750160574,1.2609136542542183,-0.5120046542542183,94.97201643842772,-29.46586785233026,-22.406435636097456,65.50614858609745,65.50614858609745,2024-01-21 00:15:00+00:00,2024-01-21 01:15:00+01:00
2024-01-21T00:30:00Z,2024-01-21T01:30:00+01:00,0.695751,2.783004,59.916134,57.55,40.04047005,1.0979940165427395,-0.4022430165427395,84.83101771809206,-23.14908560203466,-21.6414620660574,61.68193211605739,61.68193211605739,1.2609136542542183,-0.5651626542542183,94.97201643842772,-32.525110752330264,-22.406435636097456,62.44690568609745,62.44690568609745,2024-01-21 00:30:00+00:00,2024-01-21 01:30:00+01:00
2024-01-21T00:45:00Z,2024-01-21T01:45:00+01:00,0.6525040000000001,2.6100160000000003,59.916134,57.55,37.5516052,1.0979940165427395,-0.4454900165427394,84.83101771809206,-25.637950452034655,-21.6414620660574,59.1930672660574,59.193067266057405,1.2609136542542183,-0.6084096542542182,94.97201643842772,-35.013975602330255,-22.406435636097456,59.95804083609746,59.95804083609746,2024-01-21 00:45:00+00:00,2024-01-21 01:45:00+01:00
2024-01-21T01:00:00Z,2024-01-21T02:00:00+01:00,0.620943,2.483772,60.000119,55.15,34.24500645,1.0979940165427395,-0.4770510165427395,84.83101771809206,-26.309363562332084,-24.27664770575997,58.521654155759975,58.52165415575997,1.2609136542542183,-0.6399706542542183,94.97201643842772,-35.29438158212014,-25.432628406307572,59.67763485630758,59.67763485630757,2024-01-21 01:00:00+00:00,2024-01-21 02:00:00+01:00
2024-01-21T01:15:00Z,2024-01-21T02:15:00+01:00,0.598206,2.392824,60.000119,55.15,32.9910609,1.0979940165427395,-0.4997880165427395,84.83101771809206,-27.563309112332085,-24.27664770575997,57.26770860575997,57.26770860575997,1.2609136542542183,-0.6627076542542183,94.97201643842772,-36.548327132120136,-25.432628406307572,58.42368930630758,58.42368930630757,2024-01-21 01:15:00+00:00,2024-01-21 02:15:00+01:00
2024-01-21T01:30:00Z,2024-01-21T02:30:00+01:00,0.58099,2.32396,60.000119,55.15,32.0415985,1.0979940165427395,-0.5170040165427395,84.83101771809206,-28.512771512332083,-24.27664770575997,56.318246205759976,56.31824620575997,1.2609136542542183,-0.6799236542542183,94.97201643842772,-37.49778953212014,-25.432628406307572,57.47422690630758,57.47422690630757,2024-01-21 01:30:00+00:00,2024-01-21 02:30:00+01:00
2024-01-21T01:45:00Z,2024-01-21T02:45:00+01:00,0.5688820000000001,2.2755280000000004,60.000119,55.15,31.373842300000007,1.0979940165427395,-0.5291120165427394,84.83101771809206,-29.18052771233208,-24.27664770575997,55.65049000575998,55.65049000575998,1.2609136542542183,-0.6920316542542182,94.97201643842772,-38.16554573212013,-25.432628406307572,56.806470706307586,56.80647070630758,2024-01-21 01:45:00+00:00,2024-01-21 02:45:00+01:00
2024-01-21T02:00:00Z,2024-01-21T03:00:00+01:00,0.557476,2.229904,57.529566,50.89,28.36995364,1.0979940165427395,-0.5405180165427396,84.83101771809206,-27.506961861860017,-28.954102216232037,57.32405585623203,57.32405585623203,1.2609136542542183,-0.7034376542542183,94.97201643842772,-35.79794222499717,-30.804120573430552,59.17407421343054,59.17407421343055,2024-01-21 02:00:00+00:00,2024-01-21 03:00:00+01:00
2024-01-21T02:15:00Z,2024-01-21T03:15:00+01:00,0.546706,2.186824,57.529566,50.89,27.82186834,1.0979940165427395,-0.5512880165427395,84.83101771809206,-28.055047161860013,-28.954102216232037,56.77597055623204,56.77597055623204,1.2609136542542183,-0.7142076542542183,94.97201643842772,-36.34602752499717,-30.804120573430552,58.62598891343055,58.625988913430554,2024-01-21 02:15:00+00:00,2024-01-21 03:15:00+01:00
2024-01-21T02:30:00Z,2024-01-21T03:30:00+01:00,0.5374620000000001,2.1498480000000004,57.529566,50.89,27.351441180000005,1.0979940165427395,-0.5605320165427394,84.83101771809206,-28.52547432186001,-28.954102216232037,56.305543396232046,56.30554339623204,1.2609136542542183,-0.7234516542542182,94.97201643842772,-36.81645468499716,-30.804120573430552,58.155561753430554,58.15556175343056,2024-01-21 02:30:00+00:00,2024-01-21 03:30:00+01:00
2024-01-21T02:45:00Z,2024-01-21T03:45:00+01:00,0.529412,2.117648,57.529566,50.89,26.94177668,1.0979940165427395,-0.5685820165427395,84.83101771809206,-28.935138821860015,-28.954102216232037,55.89587889623204,55.895878896232034,1.2609136542542183,-0.7315016542542183,94.97201643842772,-37.226119184997174,-30.804120573430552,57.74589725343054,57.74589725343056,2024-01-21 02:45:00+00:00,2024-01-21 03:45:00+01:00
2024-01-21T03:00:00Z,2024-01-21T04:00:00+01:00,0.5215470000000001,2.0861880000000004,54.254161,48.51,25.300244970000005,1.0979940165427395,-0.5764470165427394,84.83101771809206,-27.963444772488288,-31.56732797560376,56.86757294560377,56.86757294560377,1.2609136542542183,-0.7393666542542182,94.97201643842772,-35.866676397872126,-33.80509507055559,59.10534004055559,59.10534004055559,2024-01-21 03:00:00+00:00,2024-01-21 04:00:00+01:00
2024-01-21T03:15:00Z,2024-01-21T04:15:00+01:00,0.515958,2.063832,54.254161,48.51,25.02912258,1.0979940165427395,-0.5820360165427395,84.83101771809206,-28.234567162488293,-31.56732797560376,56.59645055560377,56.59645055560376,1.2609136542542183,-0.7449556542542183,94.97201643842772,-36.13779878787213,-33.80509507055559,58.83421765055559,58.83421765055559,2024-01-21 03:15:00+00:00,2024-01-21 04:15:00+01:00
2024-01-21T03:30:00Z,2024-01-21T04:30:00+01:00,0.5128179999999999,2.0512719999999995,54.254161,48.51,24.87680117999999,1.0979940165427395,-0.5851760165427397,84.83101771809206,-28.3868885624883,-31.56732797560376,56.44412915560376,56.444129155603754,1.2609136542542183,-0.7480956542542184,94.97201643842772,-36.290120187872134,-33.80509507055559,58.68189625055558,58.68189625055558,2024-01-21 03:30:00+00:00,2024-01-21 04:30:00+01:00
2024-01-21T03:45:00Z,2024-01-21T04:45:00+01:00,0.51124,2.04496,54.254161,48.51,24.8002524,1.0979940165427395,-0.5867540165427395,84.83101771809206,-28.46343734248829,-31.56732797560376,56.367580375603765,56.367580375603765,1.2609136542542183,-0.7496736542542183,94.97201643842772,-36.36666896787213,-33.80509507055559,58.605347470555586,58.605347470555586,2024-01-21 03:45:00+00:00,2024-01-21 04:45:00+01:00
2024-01-21T04:00:00Z,2024-01-21T05:00:00+01:00,0.512684,2.050736,55.709896,47.45,24.326855800000004,1.0979940165427395,-0.5853100165427395,84.83101771809206,-27.77296028495299,-32.731201633139065,57.05805743313907,57.05805743313907,1.2609136542542183,-0.7482296542542183,94.97201643842772,-35.50349709436266,-35.141663544065054,59.46851934406506,59.46851934406506,2024-01-21 04:00:00+00:00,2024-01-21 05:00:00+01:00
2024-01-21T04:15:00Z,2024-01-21T05:15:00+01:00,0.5159590000000001,2.063836,55.709896,47.45,24.482254550000004,1.0979940165427395,-0.5820350165427395,84.83101771809206,-27.61756153495299,-32.731201633139065,57.213456183139066,57.21345618313907,1.2609136542542183,-0.7449546542542183,94.97201643842772,-35.34809834436266,-35.141663544065054,59.623918094065054,59.62391809406506,2024-01-21 04:15:00+00:00,2024-01-21 05:15:00+01:00
2024-01-21T04:30:00Z,2024-01-21T05:30:00+01:00,0.522339,2.089356,55.709896,47.45,24.78498555,1.0979940165427395,-0.5756550165427395,84.83101771809206,-27.314830534952993,-32.731201633139065,57.51618718313907,57.51618718313907,1.2609136542542183,-0.7385746542542183,94.97201643842772,-35.04536734436266,-35.141663544065054,59.926649094065056,59.926649094065056,2024-01-21 04:30:00+00:00,2024-01-21 05:30:00+01:00
2024-01-21T04:45:00Z,2024-01-21T05:45:00+01:00,0.531196,2.124784,55.709896,47.45,25.2052502,1.0979940165427395,-0.5667980165427395,84.83101771809206,-26.894565884952993,-32.731201633139065,57.93645183313906,57.93645183313907,1.2609136542542183,-0.7297176542542183,94.97201643842772,-34.62510269436266,-35.141663544065054,60.346913744065056,60.346913744065056,2024-01-21 04:45:00+00:00,2024-01-21 05:45:00+01:00
2024-01-21T05:00:00Z,2024-01-21T06:00:00+01:00,0.543548,2.174192,57.158634,45.53,24.74774044,1.0979940165427395,-0.5544460165427395,84.83101771809206,-25.24392713319093,-34.839350144901125,59.58709058490113,59.58709058490113,1.2609136542542183,-0.7173656542542183,94.97201643842772,-32.66165823819456,-37.56261776023315,62.31035820023315,62.31035820023315,2024-01-21 05:00:00+00:00,2024-01-21 06:00:00+01:00
2024-01-21T05:15:00Z,2024-01-21T06:15:00+01:00,0.558022,2.232088,57.158634,45.53,25.40674166,1.0979940165427395,-0.5399720165427395,84.83101771809206,-24.58492591319093,-34.839350144901125,60.24609180490113,60.24609180490113,1.2609136542542183,-0.7028916542542183,94.97201643842772,-32.00265701819456,-37.56261776023315,62.969359420233154,62.969359420233154,2024-01-21 05:15:00+00:00,2024-01-21 06:15:00+01:00
2024-01-21T05:30:00Z,2024-01-21T06:30:00+01:00,0.575316,2.301264,57.158634,45.53,26.19413748,1.0979940165427395,-0.5226780165427395,84.83101771809206,-23.79753009319093,-34.839350144901125,61.03348762490113,61.03348762490113,1.2609136542542183,-0.6855976542542183,94.97201643842772,-31.21526119819456,-37.56261776023315,63.75675524023316,63.756755240233154,2024-01-21 05:30:00+00:00,2024-01-21 06:30:00+01:00
2024-01-21T05:45:00Z,2024-01-21T06:45:00+01:00,0.595126,2.380504,57.158634,45.53,27.096086780000004,1.0979940165427395,-0.5028680165427395,84.83101771809206,-22.89558079319093,-34.839350144901125,61.935436924901126,61.935436924901126,1.2609136542542183,-0.6657876542542183,94.97201643842772,-30.31331189819456,-37.56261776023315,64.65870454023316,64.65870454023316,2024-01-21 05:45:00+00:00,2024-01-21 06:45:00+01:00
2024-01-21T06:00:00Z,2024-01-21T07:00:00+01:00,0.620526,2.482104,59.923133,43.96,27.27832296,1.0979940165427395,-0.4774680165427395,84.83101771809206,-20.98949400721883,-36.56320075087323,63.841523710873226,63.84152371087323,1.2609136542542183,-0.6403876542542183,94.97201643842772,-28.151441281015437,-39.542252197412274,66.82057515741228,66.82057515741228,2024-01-21 06:00:00+00:00,2024-01-21 07:00:00+01:00
2024-01-21T06:15:00Z,2024-01-21T07:15:00+01:00,0.656792,2.627168,59.923133,43.96,28.872576320000004,1.0979940165427395,-0.4412020165427395,84.83101771809206,-19.395240647218827,-36.56320075087323,65.43577707087323,65.43577707087323,1.2609136542542183,-0.6041216542542183,94.97201643842772,-26.557187921015437,-39.542252197412274,68.41482851741227,68.41482851741227,2024-01-21 06:15:00+00:00,2024-01-21 07:15:00+01:00
2024-01-21T06:30:00Z,2024-01-21T07:30:00+01:00,0.713968,2.855872,59.923133,43.96,31.386033280000003,1.0979940165427395,-0.3840260165427395,84.83101771809206,-16.881783687218828,-36.56320075087323,67.94923403087323,67.94923403087323,1.2609136542542183,-0.5469456542542183,94.97201643842772,-24.04373096101543,-39.542252197412274,70.92828547741229,70.92828547741227,2024-01-21 06:30:00+00:00,2024-01-21 07:30:00+01:00
2024-01-21T06:45:00Z,2024-01-21T07:45:00+01:00,0.800964,3.203856,59.923133,43.96,35.21037744,1.0979940165427395,-0.2970300165427395,84.83101771809206,-13.057439527218827,-36.56320075087323,71.77357819087322,71.77357819087322,1.2609136542542183,-0.4599496542542183,94.97201643842772,-20.219386801015435,-39.542252197412274,74.75262963741228,74.75262963741227,2024-01-21 06:45:00+00:00,2024-01-21 07:45:00+01:00
2024-01-21T07:00:00Z,2024-01-21T08:00:00+01:00,0.921789,3.687156,68.020664,51.36,47.34308304,1.0979940165427395,-0.1762050165427395,84.83101771809206,-9.049889649635103,-28.438045028456955,75.78112806845695,75.78112806845695,1.2609136542542183,-0.3391246542542183,94.97201643842772,-17.417442242496655,-30.211491155931057,77.55457419593105,77.55457419593105,2024-01-21 07:00:00+00:00,2024-01-21 08:00:00+01:00
2024-01-21T07:15:00Z,2024-01-21T08:15:00+01:00,1.068586,4.274344,68.020664,51.36,54.88257696,1.0979940165427395,-0.0294080165427395,84.83101771809206,-1.5103957296351007,-28.438045028456955,83.32062198845695,83.32062198845696,1.2609136542542183,-0.1923276542542182,94.97201643842772,-9.87794832249665,-30.211491155931057,85.09406811593107,85.09406811593107,2024-01-21 07:15:00+00:00,2024-01-21 08:15:00+01:00
2024-01-21T07:30:00Z,2024-01-21T08:30:00+01:00,1.2270930000000002,4.908372000000001,68.020664,51.36,63.02349648000001,1.0979940165427395,0.1290989834572606,84.83101771809206,6.630523790364908,-28.438045028456955,91.46154150845696,91.46154150845696,1.2609136542542183,-0.0338206542542181,94.97201643842772,-1.7370288024966414,-30.211491155931057,93.23498763593108,93.23498763593108,2024-01-21 07:30:00+00:00,2024-01-21 08:30:00+01:00
2024-01-21T07:45:00Z,2024-01-21T08:45:00+01:00,1.3827190000000005,5.530876000000001,68.020664,51.36,71.01644784000001,1.0979940165427395,0.2847249834572607,84.83101771809206,14.62347515036491,-28.438045028456955,99.45449286845697,99.45449286845697,1.2609136542542183,0.1218053457457819,94.97201643842772,6.255922557503361,-30.211491155931057,101.22793899593108,101.22793899593108,2024-01-21 07:45:00+00:00,2024-01-21 08:45:00+01:00
2024-01-21T08:00:00Z,2024-01-21T09:00:00+01:00,1.526088,6.104352,73.052751,54.36,82.95814368,1.0979940165427395,0.4280939834572606,84.83101771809206,23.271188940736685,-25.144062978828735,108.10220665882876,108.10220665882876,1.2609136542542183,0.2651743457457818,94.97201643842772,14.4148774347407,-26.428750193168412,109.38689387316842,109.38689387316842,2024-01-21 08:00:00+00:00,2024-01-21 09:00:00+01:00
2024-01-21T08:15:00Z,2024-01-21T09:15:00+01:00,1.655325,6.6213,73.052751,54.36,89.98346699999999,1.0979940165427395,0.5573309834572604,84.83101771809206,30.296512260736677,-25.144062978828735,115.12752997882872,115.12752997882872,1.2609136542542183,0.3944113457457816,94.97201643842772,21.44020075474069,-26.428750193168412,116.4122171931684,116.4122171931684,2024-01-21 08:15:00+00:00,2024-01-21 09:15:00+01:00
2024-01-21T08:30:00Z,2024-01-21T09:30:00+01:00,1.7711679999999996,7.0846719999999985,73.052751,54.36,96.28069247999998,1.0979940165427395,0.6731739834572601,84.83101771809206,36.59373774073666,-25.144062978828735,121.42475545882871,121.42475545882871,1.2609136542542183,0.5102543457457813,94.97201643842772,27.73742623474067,-26.428750193168412,122.70944267316838,122.7094426731684,2024-01-21 08:30:00+00:00,2024-01-21 09:30:00+01:00
2024-01-21T08:45:00Z,2024-01-21T09:45:00+01:00,1.873994,7.495976000000001,73.052751,54.36,101.87031384,1.0979940165427395,0.7759999834572606,84.83101771809206,42.18335910073669,-25.144062978828735,127.01437681882874,127.01437681882874,1.2609136542542183,0.6130803457457819,94.97201643842772,33.3270475947407,-26.428750193168412,128.2990640331684,128.2990640331684,2024-01-21 08:45:00+00:00,2024-01-21 09:45:00+01:00
2024-01-21T09:00:00Z,2024-01-21T10:00:00+01:00,1.9655720000000003,7.862288000000001,74.690455,46.06,90.53424632000002,1.0979940165427395,0.8675779834572608,84.83101771809206,39.96064191804143,-34.25741331613347,124.79165963613347,124.79165963613347,1.2609136542542183,0.704658345745782,94.97201643842772,32.45656340505072,-36.894333523478416,127.42857984347845,127.42857984347845,2024-01-21 09:00:00+00:00,2024-01-21 10:00:00+01:00
2024-01-21T09:15:00Z,2024-01-21T10:15:00+01:00,2.049997,8.199988,74.690455,46.06,94.42286182,1.0979940165427395,0.9520029834572604,84.83101771809206,43.84925741804141,-34.25741331613347,128.68027513613347,128.68027513613347,1.2609136542542183,0.7890833457457815,94.97201643842772,36.3451789050507,-36.894333523478416,131.31719534347843,131.3171953434784,2024-01-21 09:15:00+00:00,2024-01-21 10:15:00+01:00
2024-01-21T09:30:00Z,2024-01-21T10:30:00+01:00,2.130941,8.523764,74.690455,46.06,98.15114246,1.0979940165427395,1.0329469834572604,84.83101771809206,47.57753805804142,-34.25741331613347,132.40855577613348,132.40855577613348,1.2609136542542183,0.8700273457457817,94.97201643842772,40.0734595450507,-36.894333523478416,135.0454759834784,135.0454759834784,2024-01-21 09:30:00+00:00,2024-01-21 10:30:00+01:00
2024-01-21T09:45:00Z,2024-01-21T10:45:00+01:00,2.214964,8.859856,74.690455,46.06,102.02124184000002,1.0979940165427395,1.1169699834572606,84.83101771809206,51.447637438041426,-34.25741331613347,136.27865515613348,136.27865515613348,1.2609136542542183,0.9540503457457818,94.97201643842772,43.94355892505072,-36.894333523478416,138.91557536347844,138.91557536347844,2024-01-21 09:45:00+00:00,2024-01-21 10:45:00+01:00
2024-01-21T10:00:00Z,2024-01-21T11:00:00+01:00,2.302351,9.209404,76.923049,48.67,112.05542317,1.0979940165427395,1.2043569834572605,84.83101771809206,58.61605438486486,-31.39164893295692,143.44707210295692,143.44707210295692,1.2609136542542183,1.0414373457457815,94.97201643842772,50.68675561744719,-33.60334888587491,145.65877205587492,145.65877205587492,2024-01-21 10:00:00+00:00,2024-01-21 11:00:00+01:00
2024-01-21T10:15:00Z,2024-01-21T11:15:00+01:00,2.386278,9.545112,76.923049,48.67,116.14015026,1.0979940165427395,1.2882839834572604,84.83101771809206,62.70078147486486,-31.39164893295692,147.53179919295692,147.53179919295692,1.2609136542542183,1.1253643457457816,94.97201643842772,54.77148270744719,-33.60334888587491,149.74349914587492,149.74349914587492,2024-01-21 10:15:00+00:00,2024-01-21 11:15:00+01:00
2024-01-21T10:30:00Z,2024-01-21T11:30:00+01:00,2.455662,9.822648,76.923049,48.67,119.51706954,1.0979940165427395,1.3576679834572607,84.83101771809206,66.07770075486488,-31.39164893295692,150.9087184729569,150.9087184729569,1.2609136542542183,1.194748345745782,94.97201643842772,58.14840198744721,-33.60334888587491,153.12041842587493,153.1204184258749,2024-01-21 10:30:00+00:00,2024-01-21 11:30:00+01:00
2024-01-21T10:45:00Z,2024-01-21T11:45:00+01:00,2.5011550000000007,10.004620000000005,76.923049,48.67,121.73121385000005,1.0979940165427395,1.4031609834572611,84.83101771809206,68.2918450648649,-31.39164893295692,153.12286278295696,153.12286278295696,1.2609136542542183,1.2402413457457824,94.97201643842772,60.36254629744723,-33.60334888587491,155.33456273587495,155.33456273587495,2024-01-21 10:45:00+00:00,2024-01-21 11:45:00+01:00
2024-01-21T11:00:00Z,2024-01-21T12:00:00+01:00,2.5132609999999995,10.053043999999998,76.412142,38.48,96.71028327999996,1.0979940165427395,1.41526698345726,84.83101771809206,54.45947352343536,-42.58020796152744,139.2904912415274,139.2904912415274,1.2609136542542183,1.2523473457457812,94.97201643842772,48.190325864297655,-46.4520590227254,143.16234230272536,143.16234230272536,2024-01-21 11:00:00+00:00,2024-01-21 12:00:00+01:00
2024-01-21T11:15:00Z,2024-01-21T12:15:00+01:00,2.492743,9.970972,76.412142,38.48,95.92075064,1.0979940165427395,1.3947489834572604,84.83101771809206,53.66994088343537,-42.58020796152744,138.50095860152743,138.50095860152743,1.2609136542542183,1.2318293457457816,94.97201643842772,47.40079322429767,-46.4520590227254,142.3728096627254,142.3728096627254,2024-01-21 11:15:00+00:00,2024-01-21 12:15:00+01:00
2024-01-21T11:30:00Z,2024-01-21T12:30:00+01:00,2.441758,9.767032,76.412142,38.48,93.95884784,1.0979940165427395,1.3437639834572606,84.83101771809206,51.70803808343538,-42.58020796152744,136.53905580152744,136.53905580152744,1.2609136542542183,1.1808443457457818,94.97201643842772,45.43889042429768,-46.4520590227254,140.4109068627254,140.4109068627254,2024-01-21 11:30:00+00:00,2024-01-21 12:30:00+01:00
2024-01-21T11:45:00Z,2024-01-21T12:45:00+01:00,2.361803,9.447212,76.412142,38.48,90.88217944,1.0979940165427395,1.2638089834572606,84.83101771809206,48.63136968343538,-42.58020796152744,133.46238740152745,133.46238740152745,1.2609136542542183,1.1008893457457818,94.97201643842772,42.36222202429768,-46.4520590227254,137.3342384627254,137.3342384627254,2024-01-21 11:45:00+00:00,2024-01-21 12:45:00+01:00
2024-01-21T12:00:00Z,2024-01-21T13:00:00+01:00,2.258065,9.03226,70.869147,37.69,85.10646985,1.0979940165427395,1.160070983457261,84.83101771809206,43.723075366504155,-43.44762323459621,128.55409308459622,128.55409308459622,1.2609136542542183,0.997151345745782,94.97201643842772,37.582634221158514,-47.44818080958623,132.55465065958623,132.55465065958623,2024-01-21 12:00:00+00:00,2024-01-21 13:00:00+01:00
2024-01-21T12:15:00Z,2024-01-21T13:15:00+01:00,2.1378939999999997,8.551575999999999,70.869147,37.69,80.57722485999999,1.0979940165427395,1.0398999834572602,84.83101771809206,39.19383037650413,-43.44762323459621,124.0248480945962,124.0248480945962,1.2609136542542183,0.8769803457457814,94.97201643842772,33.0533892311585,-47.44818080958623,128.0254056695862,128.02540566958623,2024-01-21 12:15:00+00:00,2024-01-21 13:15:00+01:00
2024-01-21T12:30:00Z,2024-01-21T13:30:00+01:00,2.0122109999999997,8.048843999999999,70.869147,37.69,75.84023258999999,1.0979940165427395,0.9142169834572602,84.83101771809206,34.45683810650414,-43.44762323459621,119.2878558245962,119.2878558245962,1.2609136542542183,0.7512973457457814,94.97201643842772,28.3163969611585,-47.44818080958623,123.28841339958622,123.28841339958622,2024-01-21 12:30:00+00:00,2024-01-21 13:30:00+01:00
2024-01-21T12:45:00Z,2024-01-21T13:45:00+01:00,1.892277,7.569108,70.869147,37.69,71.31992013,1.0979940165427395,0.7942829834572604,84.83101771809206,29.936525646504144,-43.44762323459621,114.7675433645962,114.7675433645962,1.2609136542542183,0.6313633457457817,94.97201643842772,23.79608450115851,-47.44818080958623,118.76810093958622,118.76810093958623,2024-01-21 12:45:00+00:00,2024-01-21 13:45:00+01:00
2024-01-21T13:00:00Z,2024-01-21T14:00:00+01:00,1.7852019999999995,7.140807999999999,69.58838,44.3,79.08444859999999,1.0979940165427395,0.6872079834572602,84.83101771809206,30.443313667156623,-36.1898827852487,115.27433138524869,115.27433138524869,1.2609136542542183,0.5242883457457814,94.97201643842772,23.22597371653811,-39.11354155496585,118.19799015496582,118.19799015496584,2024-01-21 13:00:00+00:00,2024-01-21 14:00:00+01:00
2024-01-21T13:15:00Z,2024-01-21T14:15:00+01:00,1.692477,6.769908,69.58838,44.3,74.9767311,1.0979940165427395,0.5944829834572605,84.83101771809206,26.33559616715664,-36.1898827852487,111.1666138852487,111.1666138852487,1.2609136542542183,0.4315633457457817,94.97201643842772,19.11825621653813,-39.11354155496585,114.09027265496584,114.09027265496584,2024-01-21 13:15:00+00:00,2024-01-21 14:15:00+01:00
2024-01-21T13:30:00Z,2024-01-21T14:30:00+01:00,1.613512,6.454048,69.58838,44.3,71.4785816,1.0979940165427395,0.5155179834572605,84.83101771809206,22.83744666715664,-36.1898827852487,107.6684643852487,107.6684643852487,1.2609136542542183,0.3525983457457817,94.97201643842772,15.62010671653813,-39.11354155496585,110.59212315496583,110.59212315496583,2024-01-21 13:30:00+00:00,2024-01-21 14:30:00+01:00
2024-01-21T13:45:00Z,2024-01-21T14:45:00+01:00,1.5475500000000002,6.190200000000001,69.58838,44.3,68.556465,1.0979940165427395,0.4495559834572606,84.83101771809206,19.91533006715665,-36.1898827852487,104.7463477852487,104.7463477852487,1.2609136542542183,0.2866363457457819,94.97201643842772,12.697990116538136,-39.11354155496585,107.67000655496584,107.67000655496584,2024-01-21 13:45:00+00:00,2024-01-21 14:45:00+01:00
2024-01-21T14:00:00Z,2024-01-21T15:00:00+01:00,1.49417,5.97668,71.541025,49.04,73.2740968,1.0979940165427395,0.3961759834572604,84.83101771809206,19.428470228744057,-30.985391146836108,104.25948794683612,104.2594879468361,1.2609136542542183,0.2332563457457817,94.97201643842772,11.438891195373134,-33.13681083380085,106.41090763380085,106.41090763380085,2024-01-21 14:00:00+00:00,2024-01-21 15:00:00+01:00
2024-01-21T14:15:00Z,2024-01-21T15:15:00+01:00,1.4478700000000002,5.791480000000001,71.541025,49.04,71.00354480000001,1.0979940165427395,0.3498759834572607,84.83101771809206,17.157918228744062,-30.985391146836108,101.98893594683612,101.98893594683612,1.2609136542542183,0.1869563457457819,94.97201643842772,9.168339195373145,-33.13681083380085,104.14035563380088,104.14035563380088,2024-01-21 14:15:00+00:00,2024-01-21 15:15:00+01:00
2024-01-21T14:30:00Z,2024-01-21T15:30:00+01:00,1.408648,5.6345920000000005,71.541025,49.04,69.08009792,1.0979940165427395,0.3106539834572606,84.83101771809206,15.23447134874406,-30.985391146836108,100.06548906683612,100.06548906683612,1.2609136542542183,0.1477343457457818,94.97201643842772,7.24489231537314,-33.13681083380085,102.21690875380084,102.21690875380084,2024-01-21 14:30:00+00:00,2024-01-21 15:30:00+01:00
2024-01-21T14:45:00Z,2024-01-21T15:45:00+01:00,1.37002,5.48008,71.541025,49.04,67.1857808,1.0979940165427395,0.2720259834572605,84.83101771809206,13.340154228744051,-30.985391146836108,98.17117194683613,98.17117194683613,1.2609136542542183,0.1091063457457817,94.97201643842772,5.350575195373135,-33.13681083380085,100.32259163380084,100.32259163380084,2024-01-21 14:45:00+00:00,2024-01-21 15:45:00+01:00
2024-01-21T15:00:00Z,2024-01-21T16:00:00+01:00,1.333325,5.3332999999999995,79.155645,49.83,66.43958475,1.0979940165427395,0.2353309834572603,84.83101771809206,11.726542905675284,-30.11797587376735,96.55756062376734,96.55756062376734,1.2609136542542183,0.0724113457457815,94.97201643842772,3.608257358512295,-32.14068904694002,98.58027379694,98.58027379694002,2024-01-21 15:00:00+00:00,2024-01-21 16:00:00+01:00
2024-01-21T15:15:00Z,2024-01-21T16:15:00+01:00,1.3072629999999998,5.229051999999999,79.155645,49.83,65.14091529,1.0979940165427395,0.2092689834572603,84.83101771809206,10.42787344567528,-30.11797587376735,95.25889116376732,95.25889116376734,1.2609136542542183,0.0463493457457815,94.97201643842772,2.309587898512294,-32.14068904694002,97.28160433694,97.28160433694,2024-01-21 15:15:00+00:00,2024-01-21 16:15:00+01:00
2024-01-21T15:30:00Z,2024-01-21T16:30:00+01:00,1.302786,5.211144,79.155645,49.83,64.91782638,1.0979940165427395,0.2047919834572604,84.83101771809206,10.204784535675287,-30.11797587376735,95.03580225376734,95.03580225376734,1.2609136542542183,0.0418723457457816,94.97201643842772,2.0864989885123015,-32.14068904694002,97.05851542694002,97.05851542694,2024-01-21 15:30:00+00:00,2024-01-21 16:30:00+01:00
2024-01-21T15:45:00Z,2024-01-21T16:45:00+01:00,1.334367,5.337468,79.155645,49.83,66.49150761,1.0979940165427395,0.2363729834572605,84.83101771809206,11.778465765675293,-30.11797587376735,96.60948348376736,96.60948348376736,1.2609136542542183,0.0734533457457817,94.97201643842772,3.6601802185123056,-32.14068904694002,98.63219665694002,98.63219665694,2024-01-21 15:45:00+00:00,2024-01-21 16:45:00+01:00
2024-01-21T16:00:00Z,2024-01-21T17:00:00+01:00,1.406845,5.62738,86.84725,56.65,79.69776925,1.0979940165427395,0.3088509834572603,84.83101771809206,17.496408212853797,-22.629656680945864,102.32742593094584,102.32742593094584,1.2609136542542183,0.1459313457457816,94.97201643842772,8.267010736498527,-23.541257924926256,103.23902717492624,103.23902717492624,2024-01-21 16:00:00+00:00,2024-01-21 17:00:00+01:00
2024-01-21T16:15:00Z,2024-01-21T17:15:00+01:00,1.5100789999999995,6.040315999999999,86.84725,56.65,85.54597534999998,1.0979940165427395,0.4120849834572602,84.83101771809206,23.34461431285379,-22.629656680945864,108.17563203094583,108.17563203094583,1.2609136542542183,0.2491653457457814,94.97201643842772,14.115216836498517,-23.541257924926256,109.08723327492623,109.08723327492623,2024-01-21 16:15:00+00:00,2024-01-21 17:15:00+01:00
2024-01-21T16:30:00Z,2024-01-21T17:30:00+01:00,1.62654,6.5061599999999995,86.84725,56.65,92.143491,1.0979940165427395,0.5285459834572603,84.83101771809206,29.9421299628538,-22.629656680945864,114.77314768094584,114.77314768094588,1.2609136542542183,0.3656263457457815,94.97201643842772,20.712732486498524,-23.541257924926256,115.68474892492624,115.68474892492624,2024-01-21 16:30:00+00:00,2024-01-21 17:30:00+01:00
2024-01-21T16:45:00Z,2024-01-21T17:45:00+01:00,1.740622,6.9624880000000005,86.84725,56.65,98.6062363,1.0979940165427395,0.6426279834572606,84.83101771809206,36.404875262853814,-22.629656680945864,121.23589298094586,121.23589298094586,1.2609136542542183,0.4797083457457818,94.97201643842772,27.17547778649854,-23.541257924926256,122.14749422492623,122.14749422492626,2024-01-21 16:45:00+00:00,2024-01-21 17:45:00+01:00
2024-01-21T17:00:00Z,2024-01-21T18:00:00+01:00,1.838808,7.355232,89.086844,61.45,112.9947516,1.0979940165427395,0.7408139834572605,84.83101771809206,45.523019283448654,-17.359285401540703,130.35403700154072,130.3540370015407,1.2609136542542183,0.5778943457457817,94.97201643842772,35.51160754607829,-17.488872384505996,130.483623984506,130.48362398450598,2024-01-21 17:00:00+00:00,2024-01-21 18:00:00+01:00
2024-01-21T17:15:00Z,2024-01-21T18:15:00+01:00,1.922337,7.689348000000001,89.086844,61.45,118.12760865,1.0979940165427395,0.8243429834572606,84.83101771809206,50.65587633344867,-17.359285401540703,135.48689405154073,135.48689405154073,1.2609136542542183,0.6614233457457819,94.97201643842772,40.6444645960783,-17.488872384505996,135.61648103450602,135.61648103450602,2024-01-21 17:15:00+00:00,2024-01-21 18:15:00+01:00
2024-01-21T17:30:00Z,2024-01-21T18:30:00+01:00,1.997787,7.991147999999999,89.086844,61.45,122.76401115,1.0979940165427395,0.8997929834572602,84.83101771809206,55.29227883344864,-17.359285401540703,140.1232965515407,140.1232965515407,1.2609136542542183,0.7368733457457814,94.97201643842772,45.280867096078275,-17.488872384505996,140.252883534506,140.252883534506,2024-01-21 17:30:00+00:00,2024-01-21 18:30:00+01:00
2024-01-21T17:45:00Z,2024-01-21T18:45:00+01:00,2.068386,8.273544,89.086844,61.45,127.1023197,1.0979940165427395,0.9703919834572604,84.83101771809206,59.63058738344865,-17.359285401540703,144.4616051015407,144.4616051015407,1.2609136542542183,0.8074723457457815,94.97201643842772,49.61917564607827,-17.488872384505996,144.591192084506,144.591192084506,2024-01-21 17:45:00+00:00,2024-01-21 18:45:00+01:00
2024-01-21T18:00:00Z,2024-01-21T19:00:00+01:00,2.137202,8.548808,86.161374,58.64,125.32552528,1.0979940165427395,1.0392079834572605,84.83101771809206,60.939156149933744,-20.444648588025817,145.7701738680258,145.7701738680258,1.2609136542542183,0.8762883457457815,94.97201643842772,51.38554859453263,-21.03203975296036,146.35756503296034,146.35756503296034,2024-01-21 18:00:00+00:00,2024-01-21 19:00:00+01:00
2024-01-21T18:15:00Z,2024-01-21T19:15:00+01:00,2.1928980000000005,8.771592000000002,86.161374,58.64,128.59153872000002,1.0979940165427395,1.094903983457261,84.83101771809206,64.20516958993377,-20.444648588025817,149.03618730802583,149.03618730802583,1.2609136542542183,0.9319843457457822,94.97201643842772,54.65156203453267,-21.03203975296036,149.6235784729604,149.6235784729604,2024-01-21 18:15:00+00:00,2024-01-21 19:15:00+01:00
2024-01-21T18:30:00Z,2024-01-21T19:30:00+01:00,2.221164,8.884656,86.161374,58.64,130.24905696,1.0979940165427395,1.1231699834572604,84.83101771809206,65.86268782993375,-20.444648588025817,150.6937055480258,150.6937055480258,1.2609136542542183,0.9602503457457816,94.97201643842772,56.30908027453263,-21.03203975296036,151.28109671296033,151.28109671296033,2024-01-21 18:30:00+00:00,2024-01-21 19:30:00+01:00
2024-01-21T18:45:00Z,2024-01-21T19:45:00+01:00,2.20459,8.81836,86.161374,58.64,129.2771576,1.0979940165427395,1.1065959834572603,84.83101771809206,64.89078846993375,-20.444648588025817,149.72180618802582,149.72180618802582,1.2609136542542183,0.9436763457457816,94.97201643842772,55.337180914532645,-21.03203975296036,150.30919735296035,150.30919735296038,2024-01-21 18:45:00+00:00,2024-01-21 19:45:00+01:00
2024-01-21T19:00:00Z,2024-01-21T20:00:00+01:00,2.137209,8.548836,79.162644,51.5,110.0662635,1.0979940165427395,1.0392149834572604,84.83101771809206,53.51957164804891,-28.284325866140968,138.35058936614098,138.35058936614095,1.2609136542542183,0.8762953457457816,94.97201643842772,45.129210305907755,-30.034963244335472,140.10122674433546,140.10122674433546,2024-01-21 19:00:00+00:00,2024-01-21 20:00:00+01:00
2024-01-21T19:15:00Z,2024-01-21T20:15:00+01:00,2.0339419999999997,8.135767999999999,79.162644,51.5,104.748013,1.0979940165427395,0.9359479834572602,84.83101771809206,48.2013211480489,-28.284325866140968,133.03233886614095,133.03233886614095,1.2609136542542183,0.7730283457457814,94.97201643842772,39.81095980590774,-30.034963244335472,134.78297624433546,134.78297624433546,2024-01-21 19:15:00+00:00,2024-01-21 20:15:00+01:00
2024-01-21T19:30:00Z,2024-01-21T20:30:00+01:00,1.919609,7.678436,79.162644,51.5,98.8598635,1.0979940165427395,0.8216149834572604,84.83101771809206,42.31317164804891,-28.284325866140968,127.14418936614096,127.14418936614096,1.2609136542542183,0.6586953457457816,94.97201643842772,33.92281030590775,-30.034963244335472,128.89482674433546,128.89482674433546,2024-01-21 19:30:00+00:00,2024-01-21 20:30:00+01:00
2024-01-21T19:45:00Z,2024-01-21T20:45:00+01:00,1.81498,7.25992,79.162644,51.5,93.47147,1.0979940165427395,0.7169859834572605,84.83101771809206,36.924778148048915,-28.284325866140968,121.75579586614096,121.75579586614096,1.2609136542542183,0.5540663457457817,94.97201643842772,28.53441680590776,-30.034963244335472,123.50643324433548,123.50643324433548,2024-01-21 19:45:00+00:00,2024-01-21 20:45:00+01:00
2024-01-21T20:00:00Z,2024-01-21T21:00:00+01:00,1.739094,6.956376,72.940772,52.46,91.23287124,1.0979940165427395,0.6410999834572604,84.83101771809206,33.63210513216788,-27.23025161025994,118.46312285025994,118.46312285025994,1.2609136542542183,0.4781803457457816,94.97201643842772,25.085340937823705,-28.824486136251423,120.05735737625142,120.05735737625142,2024-01-21 20:00:00+00:00,2024-01-21 21:00:00+01:00
2024-01-21T20:15:00Z,2024-01-21T21:15:00+01:00,1.684222,6.736888,72.940772,52.46,88.35428612000001,1.0979940165427395,0.5862279834572606,84.83101771809206,30.75352001216789,-27.23025161025994,115.58453773025994,115.58453773025995,1.2609136542542183,0.4233083457457818,94.97201643842772,22.206755817823712,-28.824486136251423,117.17877225625142,117.17877225625143,2024-01-21 20:15:00+00:00,2024-01-21 21:15:00+01:00
2024-01-21T20:30:00Z,2024-01-21T21:30:00+01:00,1.638761,6.5550440000000005,72.940772,52.46,85.96940206000001,1.0979940165427395,0.5407669834572606,84.83101771809206,28.368635952167892,-27.23025161025994,113.19965367025996,113.19965367025996,1.2609136542542183,0.3778473457457818,94.97201643842772,19.821871757823715,-28.824486136251423,114.79388819625144,114.79388819625144,2024-01-21 20:30:00+00:00,2024-01-21 21:30:00+01:00
2024-01-21T20:45:00Z,2024-01-21T21:45:00+01:00,1.590165,6.36066,72.940772,52.46,83.42005590000001,1.0979940165427395,0.4921709834572605,84.83101771809206,25.819289792167886,-27.23025161025994,110.65030751025996,110.65030751025996,1.2609136542542183,0.3292513457457817,94.97201643842772,17.272525597823712,-28.824486136251423,112.24454203625145,112.24454203625145,2024-01-21 20:45:00+00:00,2024-01-21 21:45:00+01:00
2024-01-21T21:00:00Z,2024-01-21T22:00:00+01:00,1.530231,6.120924,72.023938,50.39,77.10834009,1.0979940165427395,0.4322369834572603,84.83101771809206,21.78042159641135,-29.50309922450341,106.6114393145034,106.6114393145034,1.2609136542542183,0.2693173457457816,94.97201643842772,13.570901052129935,-31.434577400557657,108.54291749055766,108.54291749055766,2024-01-21 21:00:00+00:00,2024-01-21 22:00:00+01:00
2024-01-21T21:15:00Z,2024-01-21T22:15:00+01:00,1.45745,5.8298,72.023938,50.39,73.4409055,1.0979940165427395,0.3594559834572604,84.83101771809206,18.112987006411352,-29.50309922450341,102.9440047245034,102.9440047245034,1.2609136542542183,0.1965363457457816,94.97201643842772,9.903466462129936,-31.434577400557657,104.87548290055766,104.87548290055766,2024-01-21 21:15:00+00:00,2024-01-21 22:15:00+01:00
2024-01-21T21:30:00Z,2024-01-21T22:30:00+01:00,1.375763,5.503052,72.023938,50.39,69.32469757,1.0979940165427395,0.2777689834572605,84.83101771809206,13.99677907641136,-29.50309922450341,98.8277967945034,98.8277967945034,1.2609136542542183,0.1148493457457817,94.97201643842772,5.787258532129943,-31.434577400557657,100.75927497055766,100.75927497055766,2024-01-21 21:30:00+00:00,2024-01-21 22:30:00+01:00
2024-01-21T21:45:00Z,2024-01-21T22:45:00+01:00,1.286952,5.147808,72.023938,50.39,64.84951128,1.0979940165427395,0.1889579834572605,84.83101771809206,9.52159278641136,-29.50309922450341,94.35261050450342,94.35261050450342,1.2609136542542183,0.0260383457457817,94.97201643842772,1.3120722421299442,-31.434577400557657,96.28408868055766,96.28408868055766,2024-01-21 21:45:00+00:00,2024-01-21 22:45:00+01:00
2024-01-21T22:00:00Z,2024-01-21T23:00:00+01:00,1.1952940000000003,4.781176000000001,66.536933,39.46,47.16630124000001,1.0979940165427395,0.0972999834572607,84.83101771809206,3.83945734722351,-41.504173825315554,88.67047506531557,88.67047506531557,1.2609136542542183,-0.065619654254218,94.97201643842772,-2.5893515568714425,-45.216363641556256,92.38266488155628,92.38266488155628,2024-01-21 22:00:00+00:00,2024-01-21 23:00:00+01:00
2024-01-21T22:15:00Z,2024-01-21T23:15:00+01:00,1.10338,4.41352,66.536933,39.46,43.5393748,1.0979940165427395,0.0053859834572604,84.83101771809206,0.2125309072234989,-41.504173825315554,85.04354862531555,85.04354862531557,1.2609136542542183,-0.1575336542542182,94.97201643842772,-6.216277996871454,-45.216363641556256,88.75573844155626,88.75573844155626,2024-01-21 22:15:00+00:00,2024-01-21 23:15:00+01:00
2024-01-21T22:30:00Z,2024-01-21T23:30:00+01:00,1.013142,4.052568,66.536933,39.46,39.97858332,1.0979940165427395,-0.0848520165427395,84.83101771809206,-3.348260572776503,-41.504173825315554,81.48275714531556,81.48275714531556,1.2609136542542183,-0.2477716542542183,94.97201643842772,-9.777069476871455,-45.216363641556256,85.19494696155625,85.19494696155625,2024-01-21 22:30:00+00:00,2024-01-21 23:30:00+01:00
2024-01-21T22:45:00Z,2024-01-21T23:45:00+01:00,0.92656,3.70624,66.536933,39.46,36.5620576,1.0979940165427395,-0.1714340165427396,84.83101771809206,-6.764786292776504,-41.504173825315554,78.06623142531555,78.06623142531555,1.2609136542542183,-0.3343536542542183,94.97201643842772,-13.193595196871458,-45.216363641556256,81.77842124155626,81.77842124155626,2024-01-21 22:45:00+00:00,2024-01-21 23:45:00+01:00
